扫描日期,扫描时间,股票代码,股票名称,板块,买点类型,信号日期,买入价,扫描日价,止损价,止盈价,命中规则,精选,资金确认,中枢底部,量比,获利盘%,大盘环境,优先级,可入状态,星级,预估胜率,大涨率
2026-06-29,21:05:56,600496,精工钢构,沪主板,1买,2026-06-25,3.15,3.2,3.12,4.09,A抄底,★精选,✓机构净买,✓,0.96,,震荡,★高(1买),尾窗,精选★★,80.9,71.8
2026-06-29,21:05:56,300317,珈伟新能,创业板,1买,2026-06-25,4.05,4.02,4.01,5.26,A抄底,★精选,,✓,0.84,,震荡,★高(1买),尾窗,精选★★,80.9,71.8
2026-06-29,21:05:56,000401,金隅冀东,深主板,1买,2026-06-22,3.52,3.43,3.48,4.58,A抄底,,✓机构净买,✓,1.93,1.0,多头,★高(1买),已破止损,,,
2026-06-29,21:05:56,603331,百达精工,沪主板,1买,2026-06-22,10.93,10.4,10.82,14.21,A抄底,,✓机构净买,✓,1.52,,多头,★高(1买),已破止损,,,
2026-06-29,21:05:56,600266,城建发展,沪主板,1买,2026-06-22,4.04,3.94,4.0,5.25,A抄底,,✓机构净买,✓,1.36,,多头,★高(1买),已破止损,,,
2026-06-29,21:05:56,002968,新大正,中小板,1买,2026-06-22,8.69,8.6,8.6,11.3,A抄底,,✓机构净买,✓,1.33,,多头,★高(1买),已过窗,,,
2026-06-29,21:05:56,300917,特发服务,创业板,1买,2026-06-22,24.57,24.37,24.32,31.94,A抄底,,✓机构净买,✓,1.24,,多头,★高(1买),已过窗,,,
2026-06-29,21:05:56,301056,森赫股份,创业板,1买,2026-06-22,11.33,11.21,11.22,14.73,A抄底,,✓机构净买,✓,1.21,,多头,★高(1买),已破止损,,,
2026-06-29,21:05:56,600257,大湖股份,沪主板,1买,2026-06-22,4.55,4.41,4.5,5.92,A抄底,,✓机构净买,✓,1.19,,多头,★高(1买),已破止损,,,
2026-06-29,21:05:56,000716,黑芝麻,深主板,1买,2026-06-22,4.14,4.1,4.1,5.38,A抄底,,✓机构净买,✓,1.06,3.0,多头,★高(1买),已过窗,,,
2026-06-29,21:05:56,002791,坚朗五金,中小板,1买,2026-06-22,13.44,13.36,13.31,17.47,A抄底,,✓机构净买,✓,1.06,,多头,★高(1买),已过窗,,,
2026-06-29,21:05:56,300533,冰川网络,创业板,1买,2026-06-18,14.03,16.64,13.89,18.24,A抄底,,✓机构净买,✓,0.91,,多头,★高(1买),已涨过,,,
2026-06-29,21:05:56,603808,歌力思,沪主板,1买,2026-06-22,8.07,7.73,7.99,10.49,A抄底,,✓机构净买,✓,0.91,,多头,★高(1买),已破止损,,,
2026-06-29,21:05:56,002911,佛燃能源,中小板,1买,2026-06-22,9.87,9.69,9.77,12.83,A抄底,,,✓,1.64,,多头,★高(1买),已破止损,,,
2026-06-29,21:05:56,001391,国货航,深主板,1买,2026-06-22,4.27,4.12,4.23,5.55,A抄底,,,✓,1.22,,多头,★高(1买),已破止损,,,
2026-06-29,21:05:56,301633,港迪技术,创业板,1买,2026-06-22,43.9,44.32,43.46,57.07,A抄底,,,✓,1.18,,多头,★高(1买),已过窗,,,
2026-06-29,21:05:56,002016,世荣兆业,中小板,1买,2026-06-22,4.2,4.06,4.16,5.46,A抄底,,,✓,0.98,,多头,★高(1买),已破止损,,,
2026-06-29,21:05:56,603122,合富中国,沪主板,3买,2026-06-22,11.18,11.21,11.07,14.53,A抄底,,✓机构净买,✓,1.25,,多头,中,已过窗,,,
2026-06-29,21:05:56,001210,金房能源,深主板,3买,2026-06-25,21.46,22.45,21.25,27.9,B抢筹,,✓机构净买,✓,1.05,2.0,震荡,中,尾窗,,,
2026-06-29,21:05:56,000042,中洲控股,深主板,2买,2026-06-22,8.75,8.21,8.66,11.38,B抢筹,,✓机构净买,✓,0.72,54.0,多头,中,已破止损,,,
