股票代码,股票名称,板块,买点类型,信号日期,区间涨跌幅%,是否盈利(≥4%),60日最大涨幅%,大盘环境,量比
300655,晶瑞电材,创业板,1买,2022-06-10,5.26,1,50.03,多头,1.3955
300817,双飞集团,创业板,1买,2022-06-17,9.55,1,51.88,多头,1.3927
886,海南高速,深主板,1买,2022-10-12,15.31,1,43.11,空头/危险,1.3068
300497,富祥药业,创业板,1买,2022-10-12,10.32,1,42.03,空头/危险,1.6821
603033,三维股份,沪主板,1买,2022-10-12,15.81,1,27.24,空头/危险,1.463
600858,银座股份,沪主板,1买,2022-10-13,0.2,0,31.92,空头/危险,2.6438
300360,炬华科技,创业板,1买,2022-10-26,33.46,1,82.66,空头/危险,1.3266
2538,司尔特,中小板,1买,2022-10-31,2.27,0,17.22,空头/危险,1.5921
603565,中谷物流,沪主板,1买,2022-10-31,-24.9,0,32.15,空头/危险,1.4124
300529,健帆生物,创业板,1买,2022-11-01,-32.32,0,16.67,空头/危险,1.6462
600408,安泰集团,沪主板,1买,2022-11-01,-15.79,0,21.46,空头/危险,1.346
600847,万里股份,沪主板,1买,2022-12-15,-23.7,0,30.42,多头,1.5086
2129,TCL中环,中小板,1买,2022-12-23,12.91,1,46.32,震荡,1.5127
600246,万通发展,沪主板,1买,2023-02-21,21.6,1,35.57,多头,5.9353
2432,九安医疗,中小板,1买,2023-03-13,-21.11,0,10.22,震荡,2.1947
600428,中远海特,沪主板,2买,2023-03-30,-24.3,0,32.35,多头,1.8153
300654,世纪天鸿,创业板,1买,2023-04-10,30.13,1,204.46,多头,1.4713
603886,元祖股份,沪主板,3买,2023-04-17,-5.08,0,11.8,多头,1.3036
603059,倍加洁,沪主板,1买,2023-04-25,0.0,0,17.88,震荡,2.4074
603059,倍加洁,沪主板,3买,2023-04-25,0.88,0,17.88,震荡,2.4074
3007,直真科技,深主板,1买,2023-04-26,0.39,0,20.73,多头,2.0063
300057,万顺新材,创业板,1买,2023-04-26,0.15,0,39.39,多头,2.1658
300707,威唐工业,创业板,1买,2023-04-26,10.22,1,65.29,多头,1.587
300750,宁德时代,创业板,1买,2023-04-26,1.97,0,16.45,多头,2.2816
547,航天发展,深主板,2买,2023-05-04,-14.93,0,7.57,多头,1.6273
600258,首旅酒店,沪主板,1买,2023-05-22,-18.45,0,14.73,震荡,2.4895
603889,新澳股份,沪主板,1买,2023-05-30,10.63,1,49.48,空头/危险,1.308
603269,海鸥股份,沪主板,1买,2023-06-02,-18.43,0,63.92,空头/危险,2.8246
301162,国能日新,创业板,1买,2023-06-07,-27.69,0,41.28,空头/危险,1.7031
600995,南网储能,沪主板,1买,2023-06-07,-19.18,0,8.38,空头/危险,1.5698
2793,罗欣药业,中小板,1买,2023-06-09,12.09,1,28.13,震荡,3.2053
603233,大参林,沪主板,1买,2023-06-09,-18.93,0,17.0,震荡,2.5031
301255,通力科技,创业板,1买,2023-06-12,80.94,1,197.87,震荡,1.3006
300275,梅安森,创业板,1买,2023-08-17,4.21,1,25.35,震荡,2.1927
603658,安图生物,沪主板,1买,2023-08-28,-7.64,0,13.29,空头/危险,1.8577
600375,汉马科技,沪主板,1买,2023-09-22,7.34,1,33.58,震荡,1.3304
2938,鹏鼎控股,中小板,1买,2023-10-23,14.25,1,26.54,空头/危险,1.5378
2908,德生科技,中小板,1买,2023-10-30,-31.93,0,41.51,空头/危险,1.3833
300012,华测检测,创业板,1买,2024-01-18,14.81,1,34.81,空头/危险,4.0442
301273,瑞晨环保,创业板,1买,2024-01-23,-46.44,0,24.9,震荡,1.8539
603122,合富中国,沪主板,1买,2024-01-23,-20.61,0,28.24,震荡,1.3132
2099,海翔药业,中小板,1买,2024-02-02,29.16,1,69.31,空头/危险,2.1794
2262,恩华药业,中小板,1买,2024-02-02,8.58,1,30.81,空头/危险,1.5292
1337,四川黄金,深主板,1买,2024-02-05,29.74,1,73.36,震荡,1.435
2597,金禾实业,中小板,1买,2024-02-05,21.59,1,74.82,震荡,1.48
2880,卫光生物,中小板,1买,2024-02-05,22.99,1,56.92,震荡,1.8709
2987,京北方,中小板,1买,2024-02-05,24.39,1,55.28,震荡,1.8659
300034,钢研高纳,创业板,1买,2024-02-05,18.1,1,56.66,震荡,2.0433
300048,合康新能,创业板,1买,2024-02-05,28.93,1,52.07,震荡,1.366
300077,国民技术,创业板,1买,2024-02-05,21.55,1,79.84,震荡,2.1069
300171,东富龙,创业板,1买,2024-02-05,12.39,1,54.53,震荡,2.2539
600460,士兰微,沪主板,1买,2024-02-05,3.68,0,40.6,震荡,1.6231
603599,广信股份,沪主板,1买,2024-02-05,24.58,1,39.82,震荡,2.1957
603712,七一二,沪主板,1买,2024-02-05,-32.05,0,37.94,震荡,1.5926
603867,新化股份,沪主板,1买,2024-02-05,25.97,1,53.46,震荡,3.0316
603995,甬金股份,沪主板,1买,2024-02-05,13.67,1,44.73,震荡,1.9511
16,深康佳Ａ,深主板,1买,2024-02-06,83.4,1,53.11,震荡,1.4134
957,中通客车,深主板,1买,2024-02-06,56.73,1,125.09,震荡,1.4209
1225,和泰机电,深主板,1买,2024-02-06,2.79,0,69.19,震荡,1.5414
2006,精工科技,中小板,1买,2024-02-06,46.58,1,103.42,震荡,1.5232
2068,黑猫股份,中小板,1买,2024-02-06,37.93,1,70.75,震荡,1.5264
2100,天康生物,中小板,1买,2024-02-06,2.44,0,34.15,震荡,1.7372
2117,东港股份,中小板,1买,2024-02-06,22.74,1,62.29,震荡,1.6707
2291,遥望科技,中小板,1买,2024-02-06,-19.37,0,58.75,震荡,1.437
2534,西子洁能,中小板,1买,2024-02-06,28.37,1,64.89,震荡,2.2953
2538,司尔特,中小板,1买,2024-02-06,14.85,1,38.61,震荡,1.6925
2576,通达动力,中小板,1买,2024-02-06,5.32,1,70.49,震荡,1.9862
2654,万润科技,中小板,3买,2024-02-06,49.93,1,89.67,震荡,1.8816
2678,珠江钢琴,中小板,1买,2024-02-06,-2.31,0,40.75,震荡,1.3719
2838,道恩股份,中小板,1买,2024-02-06,26.07,1,57.64,震荡,1.4794
300065,海兰信,创业板,1买,2024-02-06,16.21,1,77.47,震荡,1.3516
300072,海新能科,创业板,1买,2024-02-06,60.85,1,52.38,震荡,2.4021
300426,华智数媒,创业板,1买,2024-02-06,7.8,1,95.84,震荡,1.7758
300490,华自科技,创业板,1买,2024-02-06,33.85,1,72.15,震荡,1.3069
300540,蜀道装备,创业板,1买,2024-02-06,41.68,1,93.64,震荡,1.4663
300648,星云股份,创业板,1买,2024-02-06,22.63,1,100.68,震荡,1.3342
300769,德方纳米,创业板,1买,2024-02-06,-33.04,0,41.23,震荡,1.3116
300837,浙矿股份,创业板,1买,2024-02-06,32.03,1,64.35,震荡,1.6659
300860,锋尚文化,创业板,1买,2024-02-06,10.42,1,46.27,震荡,2.1053
300864,南大环境,创业板,1买,2024-02-06,31.94,1,67.91,震荡,1.8339
301102,兆讯传媒,创业板,1买,2024-02-06,-18.17,0,71.41,震荡,1.8966
301316,慧博云通,创业板,1买,2024-02-06,40.69,1,76.09,震荡,1.8223
301488,豪恩汽电,创业板,1买,2024-02-06,28.27,1,95.22,震荡,2.2871
600151,航天机电,沪主板,1买,2024-02-06,2.56,0,50.77,震荡,1.4805
600746,江苏索普,沪主板,1买,2024-02-06,26.32,1,74.78,震荡,1.7698
600990,四创电子,沪主板,1买,2024-02-06,32.82,1,161.9,震荡,1.6817
603132,金徽股份,沪主板,1买,2024-02-06,39.52,1,63.76,震荡,1.5754
603201,常润股份,沪主板,1买,2024-02-06,-22.67,0,84.79,震荡,1.8243
603636,南威软件,沪主板,1买,2024-02-06,-0.14,0,71.59,震荡,1.5921
603711,香飘飘,沪主板,1买,2024-02-06,31.57,1,102.78,震荡,2.9504
603948,建业股份,沪主板,1买,2024-02-06,24.37,1,59.34,震荡,1.4094
605376,博迁新材,沪主板,1买,2024-02-06,33.56,1,84.18,震荡,1.9768
605598,上海港湾,沪主板,1买,2024-02-06,10.35,1,50.14,震荡,1.5299
407,胜利股份,深主板,1买,2024-02-07,2.02,0,36.44,震荡,1.513
506,招金黄金,深主板,1买,2024-02-07,97.59,1,178.31,震荡,1.384
1330,博纳影业,深主板,1买,2024-02-07,15.98,1,65.01,震荡,1.3828
2062,宏润建设,中小板,1买,2024-02-07,22.68,1,38.02,震荡,1.3678
2360,同德化工,中小板,1买,2024-02-07,-11.31,0,44.35,震荡,1.5611
2644,佛慈制药,中小板,1买,2024-02-07,5.31,1,56.85,震荡,1.443
2734,利民股份,中小板,1买,2024-02-07,20.83,1,78.37,震荡,1.7116
300192,科德教育,创业板,1买,2024-02-07,49.11,1,119.68,震荡,1.4039
300286,安科瑞,创业板,1买,2024-02-07,5.24,1,85.59,震荡,1.4337
300399,天利科技,创业板,1买,2024-02-07,133.14,1,88.56,震荡,2.1725
300493,润欣科技,创业板,1买,2024-02-07,35.28,1,98.6,震荡,1.3262
300515,三德科技,创业板,1买,2024-02-07,22.28,1,73.72,震荡,1.3044
300575,中旗股份,创业板,1买,2024-02-07,7.94,1,37.47,震荡,1.3478
300585,奥联电子,创业板,1买,2024-02-07,21.15,1,154.65,震荡,1.5253
300916,朗特智能,创业板,1买,2024-02-07,95.77,1,177.77,震荡,1.4095
300963,中洲特材,创业板,1买,2024-02-07,28.24,1,68.97,震荡,1.45
301068,大地海洋,创业板,1买,2024-02-07,22.66,1,124.52,震荡,1.3223
301098,金埔园林,创业板,1买,2024-02-07,12.39,1,60.59,震荡,1.4048
301138,华研精机,创业板,1买,2024-02-07,46.43,1,157.63,震荡,1.5973
301169,零点有数,创业板,1买,2024-02-07,-3.66,0,87.41,震荡,1.8431
301170,锡南科技,创业板,1买,2024-02-07,21.66,1,70.97,震荡,1.5278
301201,诚达药业,创业板,1买,2024-02-07,18.7,1,83.01,震荡,1.4853
301212,联盛化学,创业板,1买,2024-02-07,22.25,1,122.46,震荡,1.4677
301281,科源制药,创业板,1买,2024-02-07,4.24,1,87.23,震荡,1.3556
301349,信德新材,创业板,1买,2024-02-07,31.14,1,78.82,震荡,1.3926
301366,一博科技,创业板,1买,2024-02-07,36.74,1,96.98,震荡,1.9321
301369,联动科技,创业板,1买,2024-02-07,21.91,1,104.59,震荡,1.5185
301379,天山电子,创业板,1买,2024-02-07,27.62,1,78.85,震荡,1.4177
301428,世纪恒通,创业板,1买,2024-02-07,7.41,1,67.8,震荡,1.4958
301499,维科精密,创业板,1买,2024-02-07,22.99,1,96.18,震荡,1.4652
600231,凌钢股份,沪主板,1买,2024-02-07,2.58,0,25.16,震荡,1.6048
600469,风神股份,沪主板,1买,2024-02-07,32.24,1,62.72,震荡,1.3176
600658,电子城,沪主板,1买,2024-02-07,10.44,1,49.83,震荡,1.3761
600743,华远控股,沪主板,1买,2024-02-07,48.0,1,54.0,震荡,1.6402
600979,广安爱众,沪主板,1买,2024-02-07,23.48,1,72.87,震荡,1.3434
603158,腾龙股份,沪主板,1买,2024-02-07,9.14,1,54.31,震荡,1.4739
603222,济民健康,沪主板,1买,2024-02-07,13.62,1,98.51,震荡,1.4383
603429,集友股份,沪主板,1买,2024-02-07,16.02,1,42.42,震荡,1.833
603506,南都物业,沪主板,1买,2024-02-07,13.63,1,91.58,震荡,1.6274
603527,众源新材,沪主板,1买,2024-02-07,2.41,0,88.76,震荡,1.3165
603533,掌阅科技,沪主板,1买,2024-02-07,36.7,1,196.11,震荡,1.571
603787,新日股份,沪主板,1买,2024-02-07,20.22,1,85.18,震荡,1.8758
603861,白云电器,沪主板,1买,2024-02-07,14.94,1,50.97,震荡,1.3774
603992,松霖科技,沪主板,2买,2024-02-07,32.52,1,59.92,震荡,1.5379
601,韶能股份,深主板,1买,2024-02-08,24.91,1,53.43,震荡,1.4039
677,恒天海龙,深主板,1买,2024-02-08,18.78,1,89.5,震荡,1.6947
803,山高环能,深主板,1买,2024-02-08,40.06,1,97.76,震荡,1.5024
1299,美能能源,深主板,1买,2024-02-08,31.13,1,99.52,震荡,1.9701
2238,天威视讯,中小板,2买,2024-02-08,0.0,0,85.14,震荡,1.8026
2238,天威视讯,中小板,2买,2024-02-08,-13.3,0,85.14,震荡,1.8026
2427,尤夫股份,中小板,1买,2024-02-08,0.75,0,60.3,震荡,2.1999
2719,麦趣尔,中小板,1买,2024-02-08,25.6,1,96.77,震荡,1.9511
2825,纳尔股份,中小板,1买,2024-02-08,17.05,1,69.23,震荡,1.4731
2905,金逸影视,中小板,1买,2024-02-08,-14.17,0,50.96,震荡,1.3577
3016,欣贺股份,深主板,1买,2024-02-08,10.1,1,45.52,震荡,1.4517
300530,领湃科技,创业板,1买,2024-02-08,50.19,1,168.41,震荡,1.8289
300649,杭州园林,创业板,1买,2024-02-08,16.12,1,76.93,震荡,1.5421
300698,万马科技,创业板,1买,2024-02-08,27.32,1,87.78,震荡,1.6323
300713,英可瑞,创业板,1买,2024-02-08,54.35,1,101.84,震荡,1.5128
300781,因赛集团,创业板,2买,2024-02-08,82.24,1,264.54,震荡,1.5221
300813,泰林生物,创业板,1买,2024-02-08,24.43,1,171.57,震荡,1.5799
300871,回盛生物,创业板,1买,2024-02-08,15.64,1,116.69,震荡,1.4723
301037,保立佳,创业板,1买,2024-02-08,29.17,1,87.38,震荡,1.3088
301038,深水规院,创业板,1买,2024-02-08,14.51,1,65.23,震荡,1.4479
301075,多瑞医药,创业板,1买,2024-02-08,15.71,1,86.11,震荡,1.4883
301082,久盛电气,创业板,1买,2024-02-08,18.6,1,68.48,震荡,1.8044
301159,三维天地,创业板,1买,2024-02-08,8.34,1,83.58,震荡,1.5546
301199,迈赫股份,创业板,1买,2024-02-08,39.46,1,119.31,震荡,1.3253
301234,五洲医疗,创业板,1买,2024-02-08,17.05,1,63.26,震荡,2.1315
301255,通力科技,创业板,1买,2024-02-08,18.86,1,77.98,震荡,1.7886
301279,金道科技,创业板,1买,2024-02-08,27.59,1,80.74,震荡,1.4001
301299,卓创资讯,创业板,1买,2024-02-08,26.23,1,92.21,震荡,1.4351
301312,智立方,创业板,1买,2024-02-08,-26.76,0,78.12,震荡,1.7242
301505,苏州规划,创业板,1买,2024-02-08,35.32,1,102.25,震荡,1.4625
600078,澄星股份,沪主板,1买,2024-02-08,7.63,1,69.69,震荡,2.2145
600505,西昌电力,沪主板,1买,2024-02-08,95.27,1,172.58,震荡,1.3191
600665,天地源,沪主板,1买,2024-02-08,0.98,0,73.17,震荡,1.8021
603336,宏辉果蔬,沪主板,1买,2024-02-08,24.92,1,43.93,震荡,1.3928
603390,通达电气,沪主板,1买,2024-02-08,21.55,1,75.34,震荡,1.4091
603716,塞力医疗,沪主板,1买,2024-02-08,4.62,1,122.88,震荡,1.7989
603726,朗迪集团,沪主板,1买,2024-02-08,44.42,1,86.95,震荡,1.4398
605069,正和生态,沪主板,1买,2024-02-08,20.13,1,88.62,震荡,2.5255
603707,健友股份,沪主板,1买,2024-03-29,0.19,0,32.93,多头,1.342
628,高新发展,深主板,3买,2024-04-23,-6.1,0,56.73,多头,5.1205
603208,江山欧派,沪主板,2买,2024-04-26,-40.46,0,31.8,多头,2.6832
2310,东方园林,中小板,1买,2024-05-07,58.44,1,111.69,多头,1.3286
300576,容大感光,创业板,2买,2024-05-17,10.88,1,45.11,多头,1.3647
301179,泽宇智能,创业板,1买,2024-05-22,5.58,1,32.23,多头,1.6911
600133,东湖高新,沪主板,3买,2024-06-06,-21.33,0,26.41,震荡,1.7216
677,恒天海龙,深主板,2买,2024-06-07,67.44,1,56.28,震荡,1.5837
300081,恒信东方,创业板,1买,2024-06-07,73.68,1,52.91,震荡,1.4056
603030,全筑股份,沪主板,1买,2024-06-21,27.82,1,72.18,空头/危险,1.8267
2931,锋龙股份,中小板,1买,2024-07-09,-2.69,0,39.44,空头/危险,7.6715
300393,中来股份,创业板,1买,2024-07-09,-4.39,0,76.91,空头/危险,1.3926
601012,隆基绿能,沪主板,1买,2024-07-09,-0.55,0,51.17,空头/危险,1.7703
2129,TCL中环,中小板,1买,2024-07-10,-4.05,0,48.83,空头/危险,1.999
600481,双良节能,沪主板,1买,2024-07-10,-9.66,0,32.9,空头/危险,2.4965
913,钱江摩托,深主板,2买,2024-07-25,20.48,1,57.54,空头/危险,1.3264
2827,高争民爆,中小板,3买,2024-07-30,16.63,1,82.25,空头/危险,1.3714
600449,宁夏建材,沪主板,1买,2024-08-13,48.71,1,75.14,空头/危险,6.4661
605398,新炬网络,沪主板,1买,2024-08-16,20.69,1,58.47,震荡,1.8581
301511,德福科技,创业板,1买,2024-08-21,16.43,1,92.7,震荡,1.5797
300363,博腾股份,创业板,1买,2024-08-28,32.45,1,101.47,空头/危险,1.4681
300961,深水海纳,创业板,1买,2024-08-29,49.69,1,109.1,空头/危险,1.4745
600938,中国海油,沪主板,1买,2024-09-11,4.78,1,36.16,空头/危险,1.7796
300532,今天国际,创业板,1买,2024-09-19,12.54,1,61.06,空头/危险,1.5489
2813,路畅科技,中小板,1买,2024-09-20,-17.93,0,47.24,震荡,1.4705
2875,安奈儿,中小板,2买,2024-11-19,-11.49,0,37.27,多头,2.0206
2721,金一文化,中小板,2买,2024-11-27,-1.74,0,26.09,震荡,1.3874
935,四川双马,深主板,2买,2025-01-06,16.63,1,32.66,震荡,1.337
300769,德方纳米,创业板,2买,2025-01-06,-17.6,0,39.18,震荡,1.3638
2368,太极股份,中小板,2买,2025-01-08,0.0,0,64.15,震荡,1.483
2368,太极股份,中小板,2买,2025-01-08,-9.14,0,64.15,震荡,1.483
300348,长亮科技,创业板,2买,2025-01-13,-8.01,0,60.11,空头/危险,1.3138
301087,可孚医疗,创业板,1买,2025-01-14,13.42,1,44.48,空头/危险,1.7073
2490,山东墨龙,中小板,2买,2025-03-28,0.0,0,151.47,震荡,2.0219
2490,山东墨龙,中小板,2买,2025-03-28,79.15,1,151.47,震荡,2.0219
151,中成股份,深主板,1买,2025-04-08,0.17,0,34.42,震荡,2.1577
2151,北斗星通,中小板,1买,2025-04-08,14.87,1,27.84,震荡,1.8762
2920,德赛西威,中小板,1买,2025-04-08,5.05,1,27.04,震荡,2.0674
3009,中天火箭,深主板,1买,2025-04-08,35.68,1,54.82,震荡,1.6507
301311,昆船智能,创业板,1买,2025-04-08,25.87,1,64.76,震荡,1.4567
600895,张江高科,沪主板,1买,2025-04-08,0.0,0,24.75,震荡,1.5094
600895,张江高科,沪主板,3买,2025-04-08,49.91,1,24.75,震荡,1.5094
603050,科林电气,沪主板,1买,2025-04-08,18.74,1,32.87,震荡,1.3638
30,富奥股份,深主板,1买,2025-04-09,21.1,1,42.86,震荡,1.4879
34,神州数码,深主板,3买,2025-04-09,-20.12,0,37.55,震荡,1.6131
49,德赛电池,深主板,1买,2025-04-09,37.01,1,29.77,震荡,1.6548
50,深天马Ａ,深主板,1买,2025-04-09,39.85,1,31.04,震荡,1.8413
70,特发信息,深主板,3买,2025-04-09,81.55,1,63.1,震荡,4.1648
100,TCL科技,深主板,2买,2025-04-09,9.78,1,23.1,震荡,1.5694
158,常山北明,深主板,1买,2025-04-09,0.0,0,60.71,震荡,2.4725
158,常山北明,深主板,3买,2025-04-09,29.72,1,60.71,震荡,2.4725
402,金 融 街,深主板,2买,2025-04-09,0.0,0,27.27,震荡,2.2345
402,金 融 街,深主板,2买,2025-04-09,11.98,1,27.27,震荡,2.2345
404,长虹华意,深主板,1买,2025-04-09,21.6,1,34.15,震荡,1.6335
509,华塑控股,深主板,1买,2025-04-09,20.31,1,36.72,震荡,1.4998
531,穗恒运Ａ,深主板,1买,2025-04-09,8.29,1,24.86,震荡,1.3855
536,华映科技,深主板,1买,2025-04-09,0.0,0,36.11,震荡,1.9714
536,华映科技,深主板,3买,2025-04-09,13.89,1,36.11,震荡,1.9714
551,创元科技,深主板,1买,2025-04-09,25.26,1,37.37,震荡,1.6961
555,神州信息,深主板,1买,2025-04-09,36.01,1,59.16,震荡,1.3555
561,烽火电子,深主板,1买,2025-04-09,58.81,1,69.91,震荡,1.9804
566,海南海药,深主板,1买,2025-04-09,40.16,1,96.81,震荡,1.4739
628,高新发展,深主板,1买,2025-04-09,10.63,1,41.69,震荡,2.0396
636,风华高科,深主板,1买,2025-04-09,31.46,1,22.59,震荡,1.4609
670,盈方微,深主板,1买,2025-04-09,31.61,1,76.65,震荡,2.0265
676,智度股份,深主板,3买,2025-04-09,25.9,1,47.27,震荡,2.0236
688,国城矿业,深主板,1买,2025-04-09,44.34,1,43.81,震荡,1.6908
692,惠天热电,深主板,1买,2025-04-09,19.2,1,34.78,震荡,1.383
700,模塑科技,深主板,1买,2025-04-09,119.58,1,44.44,震荡,1.3583
717,中南股份,深主板,1买,2025-04-09,7.91,1,24.65,震荡,1.7676
723,美锦能源,深主板,1买,2025-04-09,18.6,1,15.25,震荡,1.4165
725,京东方Ａ,深主板,1买,2025-04-09,4.12,1,10.71,震荡,1.4964
727,冠捷科技,深主板,1买,2025-04-09,0.0,0,21.23,震荡,1.62
727,冠捷科技,深主板,3买,2025-04-09,8.49,1,21.23,震荡,1.62
762,西藏矿业,深主板,1买,2025-04-09,6.51,1,24.63,震荡,1.4298
829,天音控股,深主板,1买,2025-04-09,14.36,1,36.13,震荡,1.7182
838,财信发展,深主板,1买,2025-04-09,22.11,1,58.29,震荡,1.698
839,国安股份,深主板,2买,2025-04-09,10.39,1,24.68,震荡,1.6206
886,海南高速,深主板,3买,2025-04-09,16.95,1,37.33,震荡,2.0972
889,中嘉博创,深主板,1买,2025-04-09,0.0,0,101.86,震荡,1.7548
889,中嘉博创,深主板,3买,2025-04-09,49.3,1,101.86,震荡,1.7548
928,中钢国际,深主板,1买,2025-04-09,8.19,1,21.71,震荡,2.0833
980,众泰汽车,深主板,1买,2025-04-09,17.65,1,35.29,震荡,1.8303
1207,联科科技,深主板,1买,2025-04-09,35.22,1,55.03,震荡,1.3922
1222,源飞宠物,深主板,1买,2025-04-09,95.23,1,103.88,震荡,1.4427
1229,魅视科技,深主板,1买,2025-04-09,18.78,1,32.22,震荡,1.5003
1260,坤泰股份,深主板,3买,2025-04-09,32.22,1,40.53,震荡,1.5345
1267,汇绿生态,深主板,1买,2025-04-09,0.0,0,61.13,震荡,1.5461
1267,汇绿生态,深主板,3买,2025-04-09,77.46,1,61.13,震荡,1.5461
1278,一彬科技,深主板,1买,2025-04-09,21.3,1,61.15,震荡,1.566
1283,豪鹏科技,深主板,2买,2025-04-09,64.57,1,55.34,震荡,7.6181
1296,长江材料,深主板,1买,2025-04-09,42.97,1,58.55,震荡,1.7196
1311,多利科技,深主板,1买,2025-04-09,5.03,1,32.68,震荡,1.3219
1322,箭牌家居,深主板,1买,2025-04-09,14.24,1,29.35,震荡,1.3562
1339,智微智能,深主板,2买,2025-04-09,43.65,1,58.07,震荡,2.3269
1387,雪祺电气,深主板,1买,2025-04-09,22.81,1,43.32,震荡,1.5694
1696,宗申动力,深主板,1买,2025-04-09,23.06,1,56.7,震荡,1.7556
2008,大族激光,中小板,1买,2025-04-09,0.0,0,16.83,震荡,1.6255
2008,大族激光,中小板,3买,2025-04-09,49.51,1,16.83,震荡,1.6255
2045,国光电器,中小板,1买,2025-04-09,31.39,1,45.16,震荡,2.1507
2055,得润电子,中小板,1买,2025-04-09,62.53,1,79.86,震荡,1.6376
2065,东华软件,中小板,3买,2025-04-09,-4.13,0,38.17,震荡,1.8615
2074,国轩高科,中小板,1买,2025-04-09,54.26,1,87.34,震荡,1.5365
2079,苏州固锝,中小板,1买,2025-04-09,21.55,1,31.45,震荡,1.5621
2091,江苏国泰,中小板,1买,2025-04-09,12.08,1,22.1,震荡,1.4298
2097,山河智能,中小板,1买,2025-04-09,99.83,1,47.5,震荡,1.8045
2106,莱宝高科,中小板,1买,2025-04-09,25.68,1,47.02,震荡,1.6467
2112,三变科技,中小板,3买,2025-04-09,18.24,1,35.17,震荡,1.891
2121,科陆电子,中小板,1买,2025-04-09,116.32,1,57.27,震荡,1.4632
2127,南极电商,中小板,3买,2025-04-09,7.01,1,63.11,震荡,1.7177
2131,利欧股份,中小板,2买,2025-04-09,0.0,0,51.65,震荡,2.0851
2131,利欧股份,中小板,3买,2025-04-09,18.32,1,51.65,震荡,2.0851
2134,天津普林,中小板,3买,2025-04-09,31.43,1,92.62,震荡,3.0708
2137,实益达,中小板,2买,2025-04-09,38.83,1,58.51,震荡,2.3775
2139,拓邦股份,中小板,2买,2025-04-09,17.7,1,39.89,震荡,1.7289
2150,通润装备,中小板,1买,2025-04-09,5.33,1,31.79,震荡,1.4372
2176,江特电机,中小板,1买,2025-04-09,40.13,1,21.82,震荡,1.4137
2183,怡 亚 通,中小板,1买,2025-04-09,0.0,0,34.38,震荡,1.928
2183,怡 亚 通,中小板,3买,2025-04-09,11.98,1,34.38,震荡,1.928
2185,华天科技,中小板,1买,2025-04-09,23.35,1,31.01,震荡,1.9037
2190,成飞集成,中小板,1买,2025-04-09,143.5,1,200.56,震荡,1.6899
2194,武汉凡谷,中小板,1买,2025-04-09,47.94,1,93.35,震荡,1.7464
2219,新里程,中小板,2买,2025-04-09,-3.33,0,19.05,震荡,1.5157
2229,鸿博股份,中小板,1买,2025-04-09,67.56,1,114.43,震荡,1.9767
2238,天威视讯,中小板,1买,2025-04-09,17.54,1,31.14,震荡,1.4635
2239,奥特佳,中小板,1买,2025-04-09,16.95,1,32.63,震荡,1.4053
2240,盛新锂能,中小板,1买,2025-04-09,4.52,1,25.99,震荡,1.3686
2243,力合科创,中小板,1买,2025-04-09,0.0,0,22.24,震荡,1.5337
2243,力合科创,中小板,3买,2025-04-09,7.75,1,22.24,震荡,1.5337
2245,蔚蓝锂芯,中小板,3买,2025-04-09,53.09,1,33.24,震荡,1.6198
2265,建设工业,中小板,2买,2025-04-09,0.0,0,98.35,震荡,2.4153
2265,建设工业,中小板,3买,2025-04-09,51.74,1,98.35,震荡,2.4153
2269,美邦服饰,中小板,2买,2025-04-09,25.68,1,35.14,震荡,1.7085
2279,久其软件,中小板,1买,2025-04-09,26.81,1,43.84,震荡,1.7139
2353,杰瑞股份,中小板,1买,2025-04-09,22.26,1,34.06,震荡,1.4491
2354,天娱数科,中小板,2买,2025-04-09,25.75,1,62.02,震荡,1.832
2362,汉王科技,中小板,3买,2025-04-09,37.58,1,40.97,震荡,1.9804
2375,亚厦股份,中小板,1买,2025-04-09,12.04,1,27.47,震荡,1.4937
2376,新北洋,中小板,1买,2025-04-09,40.54,1,79.73,震荡,1.5976
2377,国创高新,中小板,2买,2025-04-09,30.19,1,59.91,震荡,1.9206
2384,东山精密,中小板,1买,2025-04-09,125.16,1,108.09,震荡,5.9094
2387,维信诺,中小板,1买,2025-04-09,0.0,0,39.58,震荡,1.3069
2387,维信诺,中小板,3买,2025-04-09,19.44,1,39.58,震荡,1.3069
2394,联发股份,中小板,1买,2025-04-09,21.69,1,35.25,震荡,1.4491
2407,多氟多,中小板,1买,2025-04-09,10.2,1,22.38,震荡,1.6057
2426,胜利精密,中小板,1买,2025-04-09,0.0,0,54.87,震荡,2.1028
2426,胜利精密,中小板,3买,2025-04-09,38.5,1,54.87,震荡,2.1028
2432,九安医疗,中小板,1买,2025-04-09,10.5,1,17.59,震荡,1.635
2442,龙星科技,中小板,2买,2025-04-09,18.66,1,28.88,震荡,1.6415
2445,中南文化,中小板,1买,2025-04-09,19.49,1,32.82,震荡,1.4156
2460,赣锋锂业,中小板,1买,2025-04-09,6.82,1,27.25,震荡,1.482
2463,沪电股份,中小板,1买,2025-04-09,161.28,1,109.37,震荡,2.156
2466,天齐锂业,中小板,1买,2025-04-09,11.73,1,31.99,震荡,1.8109
2475,立讯精密,中小板,1买,2025-04-09,11.1,1,33.46,震荡,1.9038
2482,广田集团,中小板,2买,2025-04-09,2.58,0,25.16,震荡,1.5696
2484,江海股份,中小板,1买,2025-04-09,71.51,1,47.32,震荡,1.3797
2486,嘉麟杰,中小板,1买,2025-04-09,48.1,1,77.22,震荡,1.3662
2497,雅化集团,中小板,2买,2025-04-09,0.0,0,19.5,震荡,1.3372
2497,雅化集团,中小板,2买,2025-04-09,111.5,1,19.5,震荡,1.3372
2501,利源股份,中小板,3买,2025-04-09,-26.06,0,47.88,震荡,1.7546
2506,协鑫集成,中小板,1买,2025-04-09,25.25,1,39.39,震荡,1.4958
2516,旷达科技,中小板,1买,2025-04-09,27.34,1,42.28,震荡,1.3469
2531,天顺风能,中小板,1买,2025-04-09,5.9,1,20.98,震荡,1.6341
2562,兄弟科技,中小板,1买,2025-04-09,31.29,1,90.18,震荡,1.3907
2617,露笑科技,中小板,1买,2025-04-09,0.0,0,42.67,震荡,1.4709
2617,露笑科技,中小板,3买,2025-04-09,18.0,1,42.67,震荡,1.4709
2628,成都路桥,中小板,1买,2025-04-09,0.0,0,40.96,震荡,1.7534
2628,成都路桥,中小板,3买,2025-04-09,18.98,1,40.96,震荡,1.7534
2637,赞宇科技,中小板,1买,2025-04-09,36.75,1,34.38,震荡,1.4925
2659,凯文教育,中小板,1买,2025-04-09,39.19,1,41.08,震荡,2.0183
2672,东江环保,中小板,1买,2025-04-09,25.29,1,46.51,震荡,1.4274
2703,浙江世宝,中小板,1买,2025-04-09,25.28,1,55.32,震荡,1.4585
2706,良信股份,中小板,2买,2025-04-09,39.2,1,39.64,震荡,1.3138
2725,跃岭股份,中小板,1买,2025-04-09,0.0,0,61.62,震荡,2.2931
2725,跃岭股份,中小板,3买,2025-04-09,26.59,1,61.62,震荡,2.2931
2730,电光科技,中小板,3买,2025-04-09,0.0,0,82.09,震荡,2.2651
2741,光华科技,中小板,1买,2025-04-09,19.49,1,80.83,震荡,1.8909
2766,索菱股份,中小板,1买,2025-04-09,14.71,1,36.78,震荡,1.65
2771,真视通,中小板,1买,2025-04-09,15.23,1,30.46,震荡,1.4913
2777,久远银海,中小板,1买,2025-04-09,11.18,1,27.85,震荡,1.4481
2779,中坚科技,中小板,3买,2025-04-09,-2.85,0,92.42,震荡,5.6401
2786,银宝山新,中小板,1买,2025-04-09,0.0,0,49.44,震荡,1.9037
2786,银宝山新,中小板,3买,2025-04-09,16.53,1,49.44,震荡,1.9037
2805,丰元股份,中小板,1买,2025-04-09,68.42,1,63.26,震荡,1.5068
2810,山东赫达,中小板,1买,2025-04-09,25.0,1,36.5,震荡,1.4186
2811,郑中设计,中小板,3买,2025-04-09,65.25,1,119.17,震荡,1.7321
2813,路畅科技,中小板,1买,2025-04-09,27.08,1,85.16,震荡,1.5818
2821,凯莱英,中小板,2买,2025-04-09,47.68,1,62.4,震荡,1.5837
2823,凯中精密,中小板,1买,2025-04-09,47.43,1,34.89,震荡,1.5108
2824,和胜股份,中小板,1买,2025-04-09,43.86,1,49.63,震荡,1.795
2837,英维克,中小板,2买,2025-04-09,-16.19,0,26.35,震荡,2.1288
2859,洁美科技,中小板,1买,2025-04-09,13.07,1,30.97,震荡,1.3734
2862,实丰文化,中小板,2买,2025-04-09,-9.32,0,39.77,震荡,1.5532
2866,传艺科技,中小板,1买,2025-04-09,46.32,1,77.82,震荡,1.8399
2873,新天药业,中小板,1买,2025-04-09,41.84,1,42.91,震荡,1.3745
2878,元隆雅图,中小板,2买,2025-04-09,51.27,1,148.37,震荡,2.2422
2888,惠威科技,中小板,1买,2025-04-09,35.82,1,41.74,震荡,1.7783
2897,意华股份,中小板,1买,2025-04-09,41.26,1,39.95,震荡,1.6692
2899,英派斯,中小板,3买,2025-04-09,82.01,1,63.12,震荡,2.7285
2902,铭普光磁,中小板,1买,2025-04-09,35.58,1,51.3,震荡,1.7247
2955,鸿合科技,中小板,1买,2025-04-09,34.33,1,67.64,震荡,1.3513
2957,科瑞技术,中小板,1买,2025-04-09,54.33,1,38.09,震荡,1.4246
2976,瑞玛精密,中小板,1买,2025-04-09,45.24,1,85.5,震荡,1.3088
2981,朝阳科技,中小板,1买,2025-04-09,72.88,1,89.69,震荡,2.2964
2983,芯瑞达,中小板,1买,2025-04-09,41.94,1,55.78,震荡,1.548
2984,森麒麟,中小板,1买,2025-04-09,2.93,0,20.46,震荡,1.4016
3021,兆威机电,深主板,3买,2025-04-09,0.0,0,52.65,震荡,4.4115
3021,兆威机电,深主板,3买,2025-04-09,12.3,1,52.65,震荡,4.4115
300007,汉威科技,创业板,3买,2025-04-09,62.4,1,76.66,震荡,1.4389
300017,网宿科技,创业板,2买,2025-04-09,6.74,1,35.14,震荡,1.49
300037,新宙邦,创业板,1买,2025-04-09,24.26,1,36.13,震荡,1.4163
300043,星辉娱乐,创业板,1买,2025-04-09,100.0,1,103.64,震荡,1.6564
300068,南都电源,创业板,1买,2025-04-09,16.06,1,34.46,震荡,1.4919
300107,建新股份,创业板,1买,2025-04-09,0.0,0,34.12,震荡,1.8667
300107,建新股份,创业板,3买,2025-04-09,12.16,1,34.12,震荡,1.8667
300136,信维通信,创业板,1买,2025-04-09,22.79,1,37.1,震荡,1.3079
300242,佳云科技,创业板,2买,2025-04-09,0.0,0,60.94,震荡,1.7755
300242,佳云科技,创业板,2买,2025-04-09,39.06,1,60.94,震荡,1.7755
300249,依米康,创业板,3买,2025-04-09,39.06,1,43.47,震荡,1.6593
300308,中际旭创,创业板,1买,2025-04-09,401.49,1,118.42,震荡,1.4347
300319,麦捷科技,创业板,1买,2025-04-09,14.65,1,31.28,震荡,1.351
300333,兆日科技,创业板,3买,2025-04-09,19.63,1,100.92,震荡,1.9636
300340,科恒股份,创业板,1买,2025-04-09,109.01,1,197.26,震荡,1.5776
300342,天银机电,创业板,1买,2025-04-09,28.31,1,52.15,震荡,1.5141
300383,光环新网,创业板,2买,2025-04-09,0.0,0,23.0,震荡,1.3227
300383,光环新网,创业板,3买,2025-04-09,-2.7,0,23.0,震荡,1.3227
300394,天孚通信,创业板,1买,2025-04-09,22.22,1,62.09,震荡,1.3432
300484,蓝海华腾,创业板,1买,2025-04-09,0.0,0,58.63,震荡,1.6124
300484,蓝海华腾,创业板,3买,2025-04-09,47.19,1,58.63,震荡,1.6124
300493,润欣科技,创业板,3买,2025-04-09,28.69,1,58.1,震荡,1.4985
300532,今天国际,创业板,1买,2025-04-09,15.06,1,38.11,震荡,1.3812
300548,长芯博创,创业板,2买,2025-04-09,403.39,1,157.39,震荡,1.4141
300550,和仁科技,创业板,1买,2025-04-09,15.83,1,35.73,震荡,1.3097
300551,古鳌科技,创业板,1买,2025-04-09,60.08,1,64.46,震荡,1.7253
300560,中富通,创业板,1买,2025-04-09,27.83,1,41.85,震荡,1.6006
300570,太辰光,创业板,2买,2025-04-09,21.89,1,82.67,震荡,1.3125
300578,会畅通讯,创业板,1买,2025-04-09,22.44,1,51.78,震荡,1.4088
300585,奥联电子,创业板,1买,2025-04-09,36.46,1,61.8,震荡,1.6417
300592,华凯易佰,创业板,1买,2025-04-09,7.45,1,40.36,震荡,1.4592
300606,金太阳,创业板,1买,2025-04-09,39.43,1,69.43,震荡,1.6272
300634,彩讯股份,创业板,2买,2025-04-09,18.86,1,47.77,震荡,1.4977
300694,蠡湖股份,创业板,1买,2025-04-09,22.0,1,67.7,震荡,1.9165
300695,兆丰股份,创业板,2买,2025-04-09,95.12,1,122.38,震荡,1.3911
300709,精研科技,创业板,1买,2025-04-09,38.18,1,69.94,震荡,1.6327
300785,值得买,创业板,2买,2025-04-09,35.07,1,63.36,震荡,1.9219
300870,欧陆通,创业板,2买,2025-04-09,0.0,0,63.02,震荡,1.4431
300870,欧陆通,创业板,2买,2025-04-09,113.96,1,63.02,震荡,1.4431
300909,汇创达,创业板,1买,2025-04-09,106.45,1,41.39,震荡,1.4162
300968,格林精密,创业板,1买,2025-04-09,0.0,0,35.8,震荡,1.8518
300968,格林精密,创业板,3买,2025-04-09,11.48,1,35.8,震荡,1.8518
301018,申菱环境,创业板,2买,2025-04-09,121.49,1,51.68,震荡,1.8487
301020,密封科技,创业板,1买,2025-04-09,42.65,1,46.28,震荡,1.3754
301067,显盈科技,创业板,1买,2025-04-09,55.09,1,76.03,震荡,1.3443
301112,信邦智能,创业板,1买,2025-04-09,84.95,1,146.67,震荡,1.3858
301122,采纳股份,创业板,1买,2025-04-09,18.66,1,35.73,震荡,2.3993
301135,瑞德智能,创业板,1买,2025-04-09,59.07,1,84.05,震荡,1.464
301152,天力锂能,创业板,1买,2025-04-09,38.83,1,72.43,震荡,1.416
301171,易点天下,创业板,1买,2025-04-09,48.68,1,55.05,震荡,1.3779
301196,唯科科技,创业板,2买,2025-04-09,0.0,0,102.78,震荡,1.3101
301196,唯科科技,创业板,2买,2025-04-09,0.0,0,102.78,震荡,1.3101
301202,朗威股份,创业板,3买,2025-04-09,22.6,1,54.37,震荡,1.373
301266,宇邦新材,创业板,1买,2025-04-09,25.72,1,37.74,震荡,1.587
301282,金禄电子,创业板,1买,2025-04-09,56.92,1,69.23,震荡,1.3639
301335,天元宠物,创业板,1买,2025-04-09,0.0,0,173.85,震荡,1.35
301335,天元宠物,创业板,3买,2025-04-09,77.64,1,173.85,震荡,1.35
301355,南王科技,创业板,1买,2025-04-09,23.7,1,53.03,震荡,1.3182
301360,荣旗科技,创业板,1买,2025-04-09,22.86,1,35.78,震荡,1.4827
301381,赛维时代,创业板,1买,2025-04-09,12.98,1,57.67,震荡,1.4161
301382,蜂助手,创业板,2买,2025-04-09,4.13,1,48.32,震荡,1.572
301488,豪恩汽电,创业板,1买,2025-04-09,162.85,1,88.3,震荡,1.8864
301516,中远通,创业板,1买,2025-04-09,21.31,1,41.1,震荡,1.4683
301568,思泰克,创业板,1买,2025-04-09,50.72,1,47.51,震荡,1.4804
301577,美信科技,创业板,1买,2025-04-09,39.16,1,66.35,震荡,1.991
301578,辰奕智能,创业板,1买,2025-04-09,3.88,0,46.06,震荡,1.8574
301587,中瑞股份,创业板,1买,2025-04-09,27.7,1,35.68,震荡,1.747
600076,康欣新材,沪主板,1买,2025-04-09,29.17,1,52.98,震荡,1.6301
600078,澄星股份,沪主板,1买,2025-04-09,114.57,1,32.96,震荡,1.3223
600120,浙江东方,沪主板,3买,2025-04-09,17.13,1,28.88,震荡,1.9928
600182,S佳通,沪主板,1买,2025-04-09,12.8,1,27.94,震荡,2.6116
600183,生益科技,沪主板,3买,2025-04-09,146.15,1,55.38,震荡,1.5237
600206,有研新材,沪主板,2买,2025-04-09,26.78,1,52.21,震荡,2.302
600241,时代万恒,沪主板,1买,2025-04-09,47.46,1,120.34,震荡,2.1686
600246,万通发展,沪主板,1买,2025-04-09,28.51,1,54.86,震荡,1.3871
600255,鑫科材料,沪主板,2买,2025-04-09,20.23,1,35.8,震荡,1.8855
600261,阳光照明,沪主板,1买,2025-04-09,16.04,1,30.97,震荡,1.4412
600271,航天信息,沪主板,1买,2025-04-09,2.03,0,20.2,震荡,1.6101
600281,华阳新材,沪主板,1买,2025-04-09,96.21,1,191.38,震荡,1.3615
600287,苏豪时尚,沪主板,1买,2025-04-09,36.8,1,69.04,震荡,3.0266
600307,酒钢宏兴,沪主板,1买,2025-04-09,10.57,1,25.2,震荡,1.4476
600322,津投城开,沪主板,1买,2025-04-09,33.16,1,66.32,震荡,1.9516
600330,天通股份,沪主板,1买,2025-04-09,49.32,1,24.41,震荡,1.4785
600338,西藏珠峰,沪主板,1买,2025-04-09,55.81,1,39.83,震荡,1.603
600340,华夏幸福,沪主板,1买,2025-04-09,12.97,1,81.08,震荡,2.2955
600361,创新新材,沪主板,1买,2025-04-09,8.19,1,26.61,震荡,1.4796
600376,首开股份,沪主板,1买,2025-04-09,174.06,1,25.0,震荡,1.5392
600428,中远海特,沪主板,1买,2025-04-09,19.82,1,32.48,震荡,1.4122
600439,瑞贝卡,沪主板,1买,2025-04-09,21.64,1,50.0,震荡,1.567
600446,金证股份,沪主板,3买,2025-04-09,-12.07,0,49.96,震荡,1.3104
600460,士兰微,沪主板,1买,2025-04-09,12.83,1,23.45,震荡,2.0698
600481,双良节能,沪主板,1买,2025-04-09,38.77,1,44.94,震荡,2.1324
600497,驰宏锌锗,沪主板,1买,2025-04-09,8.26,1,14.62,震荡,1.3246
600530,交大昂立,沪主板,2买,2025-04-09,86.34,1,187.11,震荡,1.5332
600563,法拉电子,沪主板,1买,2025-04-09,21.18,1,28.44,震荡,1.6329
600579,中化装备,沪主板,1买,2025-04-09,23.92,1,48.7,震荡,1.4031
600601,方正科技,沪主板,1买,2025-04-09,150.27,1,60.81,震荡,1.7751
600603,广汇物流,沪主板,3买,2025-04-09,-15.2,0,33.33,震荡,3.4913
600604,市北高新,沪主板,1买,2025-04-09,29.75,1,46.25,震荡,1.7802
600605,汇通能源,沪主板,1买,2025-04-09,0.0,0,54.58,震荡,1.5359
600605,汇通能源,沪主板,3买,2025-04-09,1.88,0,54.58,震荡,1.5359
600611,大众交通,沪主板,1买,2025-04-09,6.63,1,43.57,震荡,2.2196
600615,鑫源智造,沪主板,1买,2025-04-09,2.4,0,49.7,震荡,1.5583
600650,锦江在线,沪主板,1买,2025-04-09,27.91,1,70.17,震荡,2.3561
600654,中安科,沪主板,1买,2025-04-09,0.0,0,27.67,震荡,2.1115
600654,中安科,沪主板,3买,2025-04-09,23.72,1,27.67,震荡,2.1115
600658,电子城,沪主板,1买,2025-04-09,54.3,1,50.45,震荡,1.9308
600665,天地源,沪主板,1买,2025-04-09,32.1,1,41.56,震荡,1.736
600667,太极实业,沪主板,1买,2025-04-09,11.59,1,19.25,震荡,1.5465
600678,四川金顶,沪主板,1买,2025-04-09,60.57,1,66.07,震荡,2.4541
600686,金龙汽车,沪主板,1买,2025-04-09,40.04,1,47.91,震荡,1.4483
600698,湖南天雁,沪主板,2买,2025-04-09,35.96,1,144.44,震荡,1.5658
600699,均胜电子,沪主板,1买,2025-04-09,86.8,1,51.03,震荡,1.4736
600703,三安光电,沪主板,1买,2025-04-09,23.66,1,27.86,震荡,1.7579
600707,彩虹股份,沪主板,1买,2025-04-09,3.92,0,18.91,震荡,1.4427
600724,宁波富达,沪主板,1买,2025-04-09,12.44,1,26.14,震荡,2.1457
600728,佳都科技,沪主板,3买,2025-04-09,27.95,1,37.35,震荡,1.579
600736,苏州高新,沪主板,1买,2025-04-09,0.0,0,18.46,震荡,1.7567
600736,苏州高新,沪主板,3买,2025-04-09,11.83,1,18.46,震荡,1.7567
600742,富维股份,沪主板,1买,2025-04-09,20.73,1,34.16,震荡,1.3325
600743,华远控股,沪主板,2买,2025-04-09,0.0,0,58.11,震荡,1.8659
600743,华远控股,沪主板,2买,2025-04-09,41.89,1,58.11,震荡,1.8659
600773,西藏城投,沪主板,1买,2025-04-09,21.69,1,23.72,震荡,1.39
600796,钱江生化,沪主板,1买,2025-04-09,17.83,1,32.91,震荡,1.4262
600807,济高发展,沪主板,1买,2025-04-09,30.0,1,64.55,震荡,1.6433
600817,宇通重工,沪主板,1买,2025-04-09,23.44,1,48.34,震荡,1.603
600818,中路股份,沪主板,1买,2025-04-09,15.38,1,35.47,震荡,1.5785
600839,四川长虹,沪主板,3买,2025-04-09,1.45,0,38.0,震荡,2.1538
600850,电科数字,沪主板,2买,2025-04-09,18.57,1,19.81,震荡,1.6887
600880,博瑞传播,沪主板,1买,2025-04-09,25.66,1,47.35,震荡,1.7772
600884,杉杉股份,沪主板,1买,2025-04-09,107.41,1,79.01,震荡,1.6122
601168,西部矿业,沪主板,1买,2025-04-09,9.78,1,27.97,震荡,1.596
601198,东兴证券,沪主板,1买,2025-04-09,0.0,0,17.14,震荡,1.6876
601198,东兴证券,沪主板,3买,2025-04-09,14.08,1,17.14,震荡,1.6876
601233,桐昆股份,沪主板,1买,2025-04-09,35.62,1,20.66,震荡,1.8648
601311,骆驼股份,沪主板,1买,2025-04-09,28.45,1,36.36,震荡,1.3869
601360,三六零,沪主板,1买,2025-04-09,6.68,1,26.39,震荡,1.8954
601600,中国铝业,沪主板,1买,2025-04-09,24.83,1,21.31,震荡,1.6484
601615,明阳智能,沪主板,1买,2025-04-09,19.56,1,32.49,震荡,1.3931
601869,长飞光纤,沪主板,3买,2025-04-09,1100.53,1,46.42,震荡,1.4472
601929,吉视传媒,沪主板,1买,2025-04-09,132.0,1,30.67,震荡,1.7905
603002,宏昌电子,沪主板,1买,2025-04-09,51.79,1,70.18,震荡,1.6332
603004,鼎龙科技,沪主板,1买,2025-04-09,41.25,1,47.75,震荡,1.7076
603016,新宏泰,沪主板,3买,2025-04-09,16.9,1,60.08,震荡,2.0111
603095,越剑智能,沪主板,1买,2025-04-09,-20.67,0,33.28,震荡,1.5175
603097,江苏华辰,沪主板,1买,2025-04-09,12.28,1,27.03,震荡,1.3233
603107,上海汽配,沪主板,1买,2025-04-09,13.51,1,20.27,震荡,1.3023
603113,金能科技,沪主板,1买,2025-04-09,21.62,1,52.39,震荡,1.4738
603116,红蜻蜓,沪主板,1买,2025-04-09,27.71,1,51.81,震荡,2.2129
603123,翠微股份,沪主板,1买,2025-04-09,71.87,1,176.25,震荡,1.9022
603126,中材节能,沪主板,1买,2025-04-09,23.31,1,24.86,震荡,1.4864
603129,春风动力,沪主板,1买,2025-04-09,74.49,1,83.22,震荡,1.5739
603135,中重科技,沪主板,1买,2025-04-09,28.7,1,47.62,震荡,1.5813
603161,科华控股,沪主板,1买,2025-04-09,31.12,1,52.75,震荡,1.5283
603162,海通发展,沪主板,1买,2025-04-09,12.87,1,26.01,震荡,1.3745
603179,新泉股份,沪主板,1买,2025-04-09,8.13,1,30.67,震荡,1.9375
603185,弘元绿能,沪主板,1买,2025-04-09,9.27,1,36.93,震荡,1.5186
603190,亚通精工,沪主板,1买,2025-04-09,21.19,1,42.9,震荡,1.5025
603191,望变电气,沪主板,1买,2025-04-09,38.87,1,21.42,震荡,1.3297
603201,常润股份,沪主板,1买,2025-04-09,21.53,1,45.99,震荡,1.7356
603259,药明康德,沪主板,3买,2025-04-09,95.65,1,47.79,震荡,1.973
603296,华勤技术,沪主板,2买,2025-04-09,60.4,1,59.28,震荡,2.1932
603303,得邦照明,沪主板,1买,2025-04-09,16.99,1,22.32,震荡,1.5475
603306,华懋科技,沪主板,2买,2025-04-09,68.22,1,69.99,震荡,1.7379
603331,百达精工,沪主板,1买,2025-04-09,23.61,1,54.58,震荡,1.6036
603385,惠达卫浴,沪主板,1买,2025-04-09,14.18,1,36.01,震荡,2.0
603399,永杉锂业,沪主板,1买,2025-04-09,30.48,1,36.32,震荡,1.708
603416,信捷电气,沪主板,3买,2025-04-09,6.0,1,61.55,震荡,2.4221
603421,鼎信通讯,沪主板,2买,2025-04-09,0.0,0,39.54,震荡,1.5004
603421,鼎信通讯,沪主板,2买,2025-04-09,22.26,1,39.54,震荡,1.5004
603486,科沃斯,沪主板,1买,2025-04-09,79.81,1,42.88,震荡,2.0608
603516,淳中科技,沪主板,2买,2025-04-09,254.49,1,29.45,震荡,1.9936
603519,立霸股份,沪主板,1买,2025-04-09,19.88,1,44.55,震荡,1.4296
603577,汇金通,沪主板,1买,2025-04-09,35.42,1,91.37,震荡,1.4989
603586,XD金麒麟,沪主板,1买,2025-04-09,48.66,1,87.84,震荡,1.5375
603588,高能环境,沪主板,1买,2025-04-09,14.66,1,30.39,震荡,1.3292
603600,永艺股份,沪主板,1买,2025-04-09,19.98,1,48.06,震荡,1.4756
603611,诺力股份,沪主板,1买,2025-04-09,60.86,1,63.51,震荡,1.3453
603661,恒林股份,沪主板,1买,2025-04-09,16.24,1,35.33,震荡,1.4214
603663,三祥新材,沪主板,3买,2025-04-09,108.41,1,52.82,震荡,1.3209
603680,今创集团,沪主板,1买,2025-04-09,53.3,1,110.21,震荡,1.4963
603682,锦和商管,沪主板,2买,2025-04-09,49.76,1,50.0,震荡,2.1573
603738,泰晶科技,沪主板,1买,2025-04-09,16.75,1,22.28,震荡,1.3261
603768,常青股份,沪主板,1买,2025-04-09,28.65,1,48.9,震荡,1.7021
603779,威龙股份,沪主板,1买,2025-04-09,17.27,1,29.32,震荡,1.8864
603799,华友钴业,沪主板,1买,2025-04-09,0.0,0,44.32,震荡,1.6057
603799,华友钴业,沪主板,3买,2025-04-09,34.38,1,44.32,震荡,1.6057
603822,嘉澳环保,沪主板,3买,2025-04-09,48.94,1,31.91,震荡,1.6258
603860,中公高科,沪主板,1买,2025-04-09,13.87,1,24.53,震荡,2.0279
603861,白云电器,沪主板,1买,2025-04-09,27.55,1,35.89,震荡,1.6145
603876,鼎胜新材,沪主板,1买,2025-04-09,66.11,1,29.03,震荡,1.3014
603889,新澳股份,沪主板,1买,2025-04-09,39.69,1,24.75,震荡,1.6215
603936,博敏电子,沪主板,1买,2025-04-09,63.9,1,86.18,震荡,1.3552
603960,克来机电,沪主板,1买,2025-04-09,27.91,1,54.47,震荡,1.4903
603978,深圳新星,沪主板,1买,2025-04-09,50.88,1,82.88,震荡,2.0607
603991,至正股份,沪主板,1买,2025-04-09,48.21,1,71.37,震荡,1.9122
603993,洛阳钼业,沪主板,1买,2025-04-09,20.47,1,47.55,震荡,1.5033
605008,长鸿高科,沪主板,2买,2025-04-09,7.68,1,43.12,震荡,1.6187
605055,迎丰股份,沪主板,1买,2025-04-09,59.86,1,172.3,震荡,1.4549
605066,天正电气,沪主板,3买,2025-04-09,17.18,1,35.02,震荡,1.4393
605088,冠盛股份,沪主板,3买,2025-04-09,41.8,1,67.36,震荡,2.3467
605099,共创草坪,沪主板,1买,2025-04-09,88.98,1,185.94,震荡,1.637
605138,盛泰集团,沪主板,1买,2025-04-09,32.63,1,80.08,震荡,1.5666
605168,三人行,沪主板,1买,2025-04-09,14.87,1,50.69,震荡,1.7719
605376,博迁新材,沪主板,2买,2025-04-09,74.35,1,62.96,震荡,3.0105
300460,惠伦晶体,创业板,1买,2025-04-28,23.74,1,81.18,震荡,5.5356
2845,同兴达,中小板,1买,2025-04-29,0.0,0,30.4,震荡,2.2661
2845,同兴达,中小板,3买,2025-04-29,16.8,1,30.4,震荡,2.2661
600438,通威股份,沪主板,1买,2025-04-30,-7.23,0,42.49,震荡,1.3093
300502,新易盛,创业板,2买,2025-05-28,254.57,1,225.31,多头,2.2132
301012,扬电科技,创业板,1买,2025-05-28,21.81,1,57.46,多头,2.7848
603737,三棵树,沪主板,1买,2025-06-03,32.63,1,62.97,多头,2.9002
301165,锐捷网络,创业板,1买,2025-06-04,37.68,1,107.58,多头,2.2155
300976,达瑞电子,创业板,1买,2025-06-10,37.74,1,58.12,多头,1.4161
2779,中坚科技,中小板,1买,2025-06-11,0.0,0,64.22,多头,2.3206
2779,中坚科技,中小板,3买,2025-06-11,55.01,1,64.22,多头,2.3206
603319,美湖股份,沪主板,3买,2025-07-10,51.93,1,109.55,多头,1.3056
301139,元道通信,创业板,1买,2025-07-16,0.81,0,45.28,多头,2.1446
2891,中宠股份,中小板,3买,2025-07-17,-3.23,0,18.81,多头,1.5097
600530,交大昂立,沪主板,3买,2025-08-11,-16.04,0,27.11,多头,1.5247
2286,保龄宝,中小板,1买,2025-09-23,0.0,0,26.11,多头,1.3439
2286,保龄宝,中小板,3买,2025-09-23,0.32,0,26.11,多头,1.3439
603616,韩建河山,沪主板,2买,2025-09-26,2.05,0,35.93,多头,1.5019
2774,快意电梯,中小板,3买,2025-10-13,-0.8,0,40.34,多头,1.7001
605088,冠盛股份,沪主板,1买,2025-11-21,4.12,1,41.88,震荡,1.4601
603701,德宏股份,沪主板,1买,2025-11-24,0.0,0,43.38,震荡,1.3386
603701,德宏股份,沪主板,3买,2025-11-24,16.04,1,43.38,震荡,1.3386
300723,一品红,创业板,2买,2025-12-17,-7.54,0,44.73,震荡,1.702
301002,崧盛股份,创业板,2买,2025-12-17,0.0,0,78.94,震荡,1.3435
301002,崧盛股份,创业板,2买,2025-12-17,32.61,1,78.94,震荡,1.3435
301030,仕净科技,创业板,1买,2025-12-17,12.61,1,51.35,震荡,1.6451
603030,全筑股份,沪主板,2买,2025-12-17,-20.86,0,17.63,震荡,1.3607
603181,皇马科技,沪主板,1买,2026-03-23,0.0,0,18.68,震荡,1.8616
603181,皇马科技,沪主板,3买,2026-03-23,4.4,1,18.68,震荡,1.8616
300847,中船汉光,创业板,1买,2026-03-24,1.61,0,11.5,震荡,1.8628
300033,同花顺,创业板,1买,2026-04-10,0.54,0,17.13,震荡,3.0453
1331,胜通能源,深主板,2买,2026-04-28,0.0,0,73.51,震荡,1.9085
1316,润贝航科,深主板,1买,2026-05-20,0.0,0,9.41,多头,1.6177
