分组,方案,支持数,盈利覆盖率,非盈利覆盖率,提升度,条件内胜率,基线胜率,胜率增益,层级
1买,站上MA5 + 量比大于1_3,6947,0.7004,0.6272,1.117,0.5735,0.5463,0.0272,L2
1买,量比大于1_3 + BOLL开口扩张,7001,0.7004,0.6387,1.097,0.5691,0.5463,0.0228,L2
1买,量比大于1_3 + 中枢底部回升,7131,0.7127,0.6514,1.094,0.5685,0.5463,0.0222,L2
1买,放量 + MACD柱递增,7282,0.7275,0.6655,1.093,0.5683,0.5463,0.022,L2
1买,站上MA5 + 放量,7534,0.7519,0.6895,1.091,0.5677,0.5463,0.0214,L2
1买,量比大于1_3,7398,0.7365,0.6793,1.084,0.5662,0.5463,0.0199,L1
1买,放量 + KDJ金叉态,7142,0.711,0.6558,1.084,0.5662,0.5463,0.0199,L2
1买,放量 + RSI6超卖,7352,0.7319,0.6751,1.084,0.5662,0.5463,0.0199,L2
1买,量比大于1 + 量比大于1_3,7398,0.7365,0.6793,1.084,0.5662,0.5463,0.0199,L2
1买,放量 + BOLL开口扩张,7602,0.7528,0.7028,1.071,0.5633,0.5463,0.017,L2
1买,放量 + 中枢底部回升,7732,0.7646,0.7161,1.068,0.5625,0.5463,0.0162,L2
1买,放量 + KDJ_J超卖,7535,0.7435,0.6998,1.062,0.5612,0.5463,0.015,L2
1买,放量 + 量比大于1,7957,0.7848,0.7394,1.061,0.561,0.5463,0.0147,L2
1买,放量,8032,0.7918,0.7468,1.06,0.5608,0.5463,0.0145,L1
1买,站上MA5 + 量比大于1,8995,0.884,0.8398,1.053,0.559,0.5463,0.0127,L2
1买,站上MA5 + RSI6超卖,8800,0.8646,0.8218,1.052,0.5589,0.5463,0.0126,L2
1买,量比大于1 + MACD柱递增,8779,0.8608,0.822,1.047,0.5577,0.5463,0.0114,L2
1买,KDJ金叉态 + RSI6超卖,8229,0.8066,0.7707,1.047,0.5575,0.5463,0.0112,L2
1买,站上MA5 + MACD柱递增,9001,0.8817,0.8438,1.045,0.5572,0.5463,0.0109,L2
1买,站上MA5 + KDJ金叉态,8685,0.85,0.815,1.043,0.5567,0.5463,0.0104,L2
1买,MACD柱递增 + RSI6超卖,8633,0.8449,0.8101,1.043,0.5567,0.5463,0.0104,L2
1买,KDJ金叉态 + KDJ_D小于30,7461,0.7303,0.7,1.043,0.5568,0.5463,0.0105,L2
1买,量比大于1 + KDJ金叉态,8579,0.8393,0.8055,1.042,0.5565,0.5463,0.0102,L2
1买,量比大于1 + RSI6超卖,8873,0.8678,0.8334,1.041,0.5563,0.5463,0.01,L2
1买,站上MA5 + BOLL开口扩张,9089,0.8884,0.8544,1.04,0.5559,0.5463,0.0097,L2
1买,MACD柱递增 + KDJ金叉态,8601,0.8409,0.8082,1.04,0.5561,0.5463,0.0098,L2
1买,站上MA5 + KDJ_D小于30,7769,0.7588,0.7309,1.038,0.5555,0.5463,0.0092,L2
1买,BOLL触下轨反弹,7380,0.7205,0.6948,1.037,0.5553,0.5463,0.009,L1
1买,BOLL开口扩张 + KDJ金叉态,8452,0.8247,0.7961,1.036,0.555,0.5463,0.0087,L2
1买,站上MA5 + KDJ_J超卖,9080,0.885,0.8565,1.033,0.5544,0.5463,0.0081,L2
1买,站上MA5 + 中枢底部回升,9347,0.9107,0.8821,1.032,0.5542,0.5463,0.0079,L2
1买,量比大于1 + BOLL开口扩张,9107,0.8866,0.8603,1.031,0.5537,0.5463,0.0075,L2
1买,站上MA5,9644,0.9385,0.9115,1.03,0.5535,0.5463,0.0072,L1
1买,量比大于1 + KDJ_D小于30,7739,0.7533,0.7312,1.03,0.5537,0.5463,0.0074,L2
1买,MACD柱递增 + BOLL开口扩张,8846,0.8611,0.8357,1.03,0.5537,0.5463,0.0074,L2
1买,KDJ金叉态 + KDJ_J超卖,8425,0.8194,0.7968,1.028,0.5532,0.5463,0.0069,L2
1买,KDJ金叉态 + 中枢底部回升,8733,0.8493,0.826,1.028,0.5532,0.5463,0.0069,L2
1买,量比大于1 + 中枢底部回升,9312,0.9052,0.8812,1.027,0.5529,0.5463,0.0066,L2
1买,KDJ金叉态,8999,0.8739,0.8527,1.025,0.5524,0.5463,0.0061,L1
1买,MACD柱递增 + 中枢底部回升,9150,0.8885,0.8671,1.025,0.5523,0.5463,0.0061,L2
1买,量比大于1 + KDJ_J超卖,9086,0.882,0.8613,1.024,0.5522,0.5463,0.0059,L2
1买,BOLL开口扩张 + RSI6超卖,9085,0.882,0.8611,1.024,0.5522,0.5463,0.0059,L2
1买,RSI6超卖 + 中枢底部回升,9294,0.9023,0.881,1.024,0.5522,0.5463,0.0059,L2
1买,量比大于1,9648,0.9364,0.9149,1.023,0.552,0.5463,0.0057,L1
1买,MACD柱递增 + KDJ_J超卖,8847,0.8583,0.8393,1.023,0.5518,0.5463,0.0055,L2
1买,MACD柱递增,9397,0.911,0.8923,1.021,0.5515,0.5463,0.0052,L1
1买,MACD柱递增 + KDJ_D小于30,7745,0.7502,0.7362,1.019,0.5509,0.5463,0.0046,L2
1买,RSI6超卖,9538,0.9235,0.9071,1.018,0.5507,0.5463,0.0045,L1
1买,BOLL开口扩张 + 中枢底部回升,9479,0.9156,0.9041,1.013,0.5494,0.5463,0.0031,L2
1买,KDJ_J超卖 + RSI6超卖,9216,0.8903,0.8789,1.013,0.5495,0.5463,0.0032,L2
1买,KDJ_D小于30 + RSI6超卖,7944,0.7662,0.7591,1.009,0.5486,0.5463,0.0023,L2
1买,BOLL开口扩张,9835,0.9474,0.9412,1.007,0.5479,0.5463,0.0016,L1
1买,BOLL开口扩张 + KDJ_J超卖,9362,0.9017,0.8961,1.006,0.5479,0.5463,0.0016,L2
1买,BOLL开口扩张 + KDJ_D小于30,7962,0.7667,0.7623,1.006,0.5477,0.5463,0.0014,L2
1买,中枢底部回升,10039,0.9664,0.9615,1.005,0.5476,0.5463,0.0013,L1
1买,KDJ_J超卖 + 中枢底部回升,9574,0.9218,0.9168,1.005,0.5476,0.5463,0.0013,L2
1买,KDJ_J超卖 + KDJ_D小于30,8111,0.7801,0.7777,1.003,0.547,0.5463,0.0007,L2
1买,KDJ_D小于30 + 中枢底部回升,8270,0.7955,0.7928,1.003,0.5472,0.5463,0.0009,L2
1买,KDJ_J超卖,9825,0.9439,0.9433,1.001,0.5465,0.5463,0.0002,L1
1买,KDJ_D小于30,8371,0.8043,0.8036,1.001,0.5465,0.5463,0.0002,L1
1买,距60日低点<=1.2,10270,0.987,0.9856,1.001,0.5466,0.5463,0.0003,L4
1买,RSI金叉 + RSI6超卖,7520,0.7189,0.7263,0.99,0.5437,0.5463,-0.0025,L2
1买,MACD柱递增 + RSI金叉,7845,0.7496,0.758,0.989,0.5435,0.5463,-0.0028,L2
1买,量比大于1 + RSI金叉,7906,0.7551,0.7644,0.988,0.5433,0.5463,-0.003,L2
1买,KDJ金叉态 + RSI金叉,7821,0.7458,0.7576,0.984,0.5424,0.5463,-0.0039,L2
1买,BOLL开口扩张 + RSI金叉,7758,0.7375,0.7542,0.978,0.5407,0.5463,-0.0056,L2
1买,空头排列 + KDJ金叉态,7784,0.7386,0.7585,0.974,0.5397,0.5463,-0.0066,L2
1买,站上MA5 + RSI金叉,8189,0.7773,0.7976,0.974,0.5399,0.5463,-0.0064,L2
1买,站上MA5 + 缩量,8167,0.7746,0.7961,0.973,0.5395,0.5463,-0.0068,L2
1买,RSI金叉,8293,0.7864,0.8086,0.972,0.5394,0.5463,-0.0069,L1
1买,KDJ_J超卖 + RSI金叉,7785,0.738,0.7593,0.972,0.5392,0.5463,-0.0071,L2
1买,空头排列 + 站上MA5,8155,0.7725,0.7961,0.97,0.5388,0.5463,-0.0075,L2
1买,缩量 + 量比大于1,8136,0.7707,0.7942,0.97,0.5388,0.5463,-0.0075,L2
1买,空头排列 + 量比大于1,8202,0.7764,0.8014,0.969,0.5384,0.5463,-0.0079,L2
1买,RSI金叉 + 中枢底部回升,8060,0.763,0.7875,0.969,0.5385,0.5463,-0.0078,L2
1买,趋势空头 + KDJ金叉态,7965,0.7535,0.7788,0.968,0.5381,0.5463,-0.0082,L2
1买,缩量 + KDJ金叉态,7576,0.7161,0.7415,0.966,0.5376,0.5463,-0.0087,L2
1买,趋势空头 + 站上MA5,8437,0.7968,0.8266,0.964,0.5372,0.5463,-0.0091,L2
1买,趋势空头 + 量比大于1,8463,0.7989,0.8296,0.963,0.5369,0.5463,-0.0094,L2
1买,缩量 + MACD柱递增,7988,0.7537,0.7834,0.962,0.5367,0.5463,-0.0096,L2
1买,缩量 + RSI6超卖,8110,0.7644,0.7964,0.96,0.5361,0.5463,-0.0102,L2
1买,空头排列 + MACD柱递增,8065,0.7598,0.7923,0.959,0.5359,0.5463,-0.0104,L2
1买,空头排列 + RSI6超卖,8118,0.763,0.7997,0.954,0.5346,0.5463,-0.0117,L2
1买,趋势空头 + MACD柱递增,8270,0.7773,0.8148,0.954,0.5346,0.5463,-0.0117,L2
1买,趋势空头 + KDJ_D小于30,7486,0.7034,0.7377,0.953,0.5345,0.5463,-0.0118,L2
1买,趋势空头 + RSI金叉,7649,0.7185,0.754,0.953,0.5343,0.5463,-0.012,L2
1买,价涨量缩,7475,0.7018,0.7373,0.952,0.534,0.5463,-0.0122,L1
1买,缩量 + 中枢底部回升,8570,0.8047,0.8453,0.952,0.5341,0.5463,-0.0122,L2
1买,缩量 + BOLL开口扩张,8336,0.7823,0.8226,0.951,0.5338,0.5463,-0.0125,L2
1买,KDJ金叉态 + 中枢底部蓄力,7548,0.7085,0.7447,0.951,0.5339,0.5463,-0.0124,L2
1买,缩量 + KDJ_J超卖,8412,0.7887,0.8311,0.949,0.5333,0.5463,-0.013,L2
1买,缩量,8882,0.8325,0.8779,0.948,0.5331,0.5463,-0.0132,L1
1买,空头排列 + BOLL开口扩张,8212,0.7697,0.8116,0.948,0.5331,0.5463,-0.0132,L2
1买,趋势空头 + RSI6超卖,8318,0.7795,0.8222,0.948,0.5331,0.5463,-0.0132,L2
1买,站上MA5 + 中枢底部蓄力,7945,0.744,0.786,0.947,0.5327,0.5463,-0.0136,L2
1买,空头排列 + 中枢底部回升,8589,0.804,0.8501,0.946,0.5324,0.5463,-0.0139,L2
1买,空头排列,8774,0.8205,0.8694,0.944,0.5319,0.5463,-0.0144,L1
1买,空头排列 + 趋势空头,8772,0.8203,0.8692,0.944,0.5319,0.5463,-0.0144,L2
1买,空头排列 + KDJ_J超卖,8307,0.7765,0.8235,0.943,0.5317,0.5463,-0.0146,L2
1买,趋势空头 + BOLL开口扩张,8512,0.7952,0.8444,0.942,0.5314,0.5463,-0.0149,L2
1买,趋势空头 + 中枢底部回升,8835,0.8252,0.8766,0.941,0.5313,0.5463,-0.015,L2
1买,量比大于1 + 中枢底部蓄力,7932,0.7405,0.7875,0.94,0.531,0.5463,-0.0153,L2
1买,MACD柱递增 + 中枢底部蓄力,7869,0.7345,0.7813,0.94,0.5309,0.5463,-0.0153,L2
1买,KDJ_D小于30 + 中枢底部蓄力,7640,0.7129,0.7589,0.939,0.5308,0.5463,-0.0155,L2
1买,趋势空头,9083,0.847,0.9028,0.938,0.5304,0.5463,-0.0159,L1
1买,趋势空头 + KDJ_J超卖,8580,0.7999,0.8531,0.938,0.5303,0.5463,-0.016,L2
1买,RSI6超卖 + 中枢底部蓄力,7983,0.7405,0.7983,0.928,0.5276,0.5463,-0.0187,L2
1买,中枢底部蓄力 + 中枢底部回升,8525,0.788,0.8558,0.921,0.5257,0.5463,-0.0205,L2
1买,BOLL开口扩张 + 中枢底部蓄力,8022,0.7409,0.8061,0.919,0.5253,0.5463,-0.021,L2
1买,中枢底部蓄力,8561,0.7897,0.8613,0.917,0.5247,0.5463,-0.0216,L1
1买,KDJ_J超卖 + 中枢底部蓄力,8202,0.756,0.826,0.915,0.5243,0.5463,-0.022,L2
1买,空头排列 + 中枢底部蓄力,7895,0.7252,0.7981,0.909,0.5225,0.5463,-0.0238,L2
1买,趋势空头 + 中枢底部蓄力,7992,0.7333,0.8088,0.907,0.5219,0.5463,-0.0244,L2
1买,站上MA5 + 距前低<=10%,8237,0.7528,0.8372,0.899,0.5198,0.5463,-0.0264,L2
1买,量比大于1 + 距前低<=10%,8302,0.7588,0.8438,0.899,0.5199,0.5463,-0.0264,L2
1买,MACD柱递增 + 距前低<=10%,8058,0.7329,0.8232,0.89,0.5174,0.5463,-0.0289,L2
1买,RSI6超卖 + 距前低<=10%,8197,0.7433,0.8402,0.885,0.5158,0.5463,-0.0305,L2
1买,中枢底部回升 + 距前低<=10%,8678,0.7848,0.892,0.88,0.5144,0.5463,-0.0319,L2
1买,距前低<=10%,8961,0.81,0.9217,0.879,0.5141,0.5463,-0.0322,L1
1买,距60日低点<=1.1,8961,0.81,0.9217,0.879,0.5141,0.5463,-0.0322,L4
1买,BOLL开口扩张 + 距前低<=10%,8396,0.7584,0.8641,0.878,0.5138,0.5463,-0.0325,L2
1买,KDJ_J超卖 + 距前低<=10%,8445,0.7625,0.8696,0.877,0.5136,0.5463,-0.0327,L2
1买,趋势空头 + 距前低<=10%,8127,0.7182,0.8556,0.839,0.5026,0.5463,-0.0436,L2
2买,量比大于1 + RSI6超卖,5269,0.7306,0.6631,1.102,0.3139,0.2934,0.0205,L2
2买,BOLL开口扩张 + RSI6超卖,5345,0.7359,0.6748,1.09,0.3117,0.2934,0.0183,L2
2买,MACD柱递增 + RSI6超卖,5305,0.727,0.6711,1.083,0.3103,0.2934,0.0169,L2
2买,KDJ金叉态 + KDJ_J超卖,5846,0.7986,0.7406,1.078,0.3093,0.2934,0.0159,L2
2买,站上MA5 + RSI6超卖,5394,0.7345,0.6843,1.073,0.3083,0.2934,0.0149,L2
2买,BOLL开口扩张 + KDJ金叉态,5827,0.7911,0.7403,1.069,0.3074,0.2934,0.0139,L2
2买,RSI6超卖,5867,0.7955,0.7458,1.067,0.307,0.2934,0.0136,L1
2买,KDJ_J超卖 + RSI6超卖,5614,0.7615,0.7135,1.067,0.3071,0.2934,0.0137,L2
2买,KDJ金叉态 + RSI金叉,5435,0.7354,0.6915,1.064,0.3063,0.2934,0.0129,L2
2买,量比大于1 + KDJ金叉态,6112,0.8255,0.7782,1.061,0.3058,0.2934,0.0124,L2
2买,量比大于1 + KDJ_J超卖,6181,0.8344,0.7872,1.06,0.3056,0.2934,0.0122,L2
2买,量比大于1 + RSI金叉,5400,0.7288,0.6878,1.06,0.3056,0.2934,0.0121,L2
2买,量比大于1 + BOLL开口扩张,6130,0.8255,0.7815,1.056,0.3049,0.2934,0.0115,L2
2买,BOLL开口扩张 + KDJ_J超卖,6319,0.8463,0.8076,1.048,0.3032,0.2934,0.0098,L2
2买,MACD柱递增 + RSI金叉,5415,0.7244,0.6924,1.046,0.3029,0.2934,0.0094,L2
2买,站上MA5 + RSI金叉,5714,0.7633,0.7311,1.044,0.3024,0.2934,0.009,L2
2买,KDJ金叉态,6578,0.8781,0.8419,1.043,0.3022,0.2934,0.0088,L1
2买,RSI金叉,5731,0.7646,0.7337,1.042,0.302,0.2934,0.0086,L1
2买,量比大于1 + MACD柱递增,6220,0.8295,0.7964,1.042,0.3019,0.2934,0.0085,L2
2买,MACD柱递增 + KDJ_J超卖,6204,0.8269,0.7946,1.041,0.3017,0.2934,0.0083,L2
2买,站上MA5 + KDJ金叉态,6374,0.8485,0.8168,1.039,0.3014,0.2934,0.008,L2
2买,MACD柱递增 + BOLL开口扩张,6123,0.8145,0.7848,1.038,0.3012,0.2934,0.0077,L2
2买,MACD柱递增 + KDJ金叉态,6267,0.8335,0.8034,1.037,0.3011,0.2934,0.0077,L2
2买,缩量 + RSI6超卖,5554,0.7376,0.7124,1.035,0.3007,0.2934,0.0073,L2
2买,量比大于1,6889,0.9125,0.8846,1.032,0.2999,0.2934,0.0065,L1
2买,站上MA5 + 量比大于1,6476,0.8578,0.8316,1.031,0.2999,0.2934,0.0065,L2
2买,站上MA5 + KDJ_J超卖,6451,0.8538,0.8287,1.03,0.2996,0.2934,0.0062,L2
2买,KDJ_D小于30,5514,0.7292,0.7085,1.029,0.2994,0.2934,0.006,L1
2买,站上MA5 + BOLL开口扩张,6364,0.8401,0.8184,1.027,0.2989,0.2934,0.0055,L2
2买,BOLL开口扩张,6866,0.905,0.8835,1.024,0.2984,0.2934,0.005,L1
2买,KDJ_J超卖,6964,0.9178,0.8962,1.024,0.2984,0.2934,0.005,L1
2买,缩量 + KDJ金叉态,6174,0.8118,0.7953,1.021,0.2977,0.2934,0.0043,L2
2买,缩量 + RSI金叉,5337,0.701,0.6878,1.019,0.2974,0.2934,0.0039,L2
2买,站上MA5 + MACD柱递增,6611,0.8666,0.8527,1.016,0.2968,0.2934,0.0034,L2
2买,中枢底部回升,5533,0.7231,0.7146,1.012,0.2959,0.2934,0.0024,L1
2买,MACD柱递增,6892,0.9002,0.8903,1.011,0.2957,0.2934,0.0023,L1
2买,缩量 + 量比大于1,6463,0.8436,0.8351,1.01,0.2955,0.2934,0.0021,L2
2买,距60日低点<=1.2,5821,0.7571,0.7533,1.005,0.2945,0.2934,0.001,L4
2买,站上MA5,7180,0.9324,0.9298,1.003,0.294,0.2934,0.0006,L1
2买,缩量 + BOLL开口扩张,6461,0.8383,0.8369,1.002,0.2938,0.2934,0.0003,L2
2买,缩量 + KDJ_J超卖,6621,0.8578,0.8582,0.999,0.2933,0.2934,-0.0001,L2
2买,缩量 + MACD柱递增,6506,0.8339,0.847,0.985,0.2902,0.2934,-0.0032,L2
2买,站上MA5 + 缩量,6762,0.8648,0.8811,0.981,0.2896,0.2934,-0.0039,L2
2买,缩量,7287,0.9302,0.9503,0.979,0.289,0.2934,-0.0044,L1
2买,价涨量缩,5886,0.7482,0.7689,0.973,0.2878,0.2934,-0.0056,L1
2买,缩量 + 价涨量缩,5708,0.7169,0.7493,0.957,0.2843,0.2934,-0.0091,L2
2买,SID小于等于2,6052,0.7438,0.8012,0.928,0.2783,0.2934,-0.0152,L1
3买,BOLL开口扩张 + RSI6超卖,2748,0.7631,0.703,1.086,0.3963,0.3768,0.0195,L2
3买,SID等于2,2642,0.733,0.6763,1.084,0.3959,0.3768,0.0191,L1
3买,量比大于1 + RSI6超卖,2642,0.733,0.6763,1.084,0.3959,0.3768,0.0191,L2
3买,SID等于2 + SID小于等于2,2642,0.733,0.6763,1.084,0.3959,0.3768,0.0191,L2
3买,BOLL开口扩张 + 中枢底部回升,2678,0.7393,0.6877,1.075,0.394,0.3768,0.0171,L2
3买,站上MA233 + BOLL开口扩张,2896,0.7982,0.7445,1.072,0.3933,0.3768,0.0165,L2
3买,BOLL开口扩张 + KDJ_D小于30,2572,0.7071,0.6623,1.068,0.3923,0.3768,0.0155,L2
3买,站上MA5 + RSI6超卖,2681,0.7365,0.6907,1.066,0.392,0.3768,0.0152,L2
3买,BOLL开口扩张 + KDJ金叉态,2886,0.7926,0.7436,1.066,0.3919,0.3768,0.0151,L2
3买,站上MA233 + KDJ_J超卖,2861,0.7856,0.7373,1.065,0.3918,0.3768,0.015,L2
3买,KDJ_J超卖 + RSI6超卖,2799,0.768,0.7216,1.064,0.3916,0.3768,0.0148,L2
3买,量比大于1 + 中枢底部回升,2627,0.7197,0.678,1.062,0.3909,0.3768,0.0141,L2
3买,站上MA233 + KDJ金叉态,2676,0.733,0.6907,1.061,0.3909,0.3768,0.0141,L2
3买,KDJ金叉态 + KDJ_J超卖,2839,0.7772,0.7331,1.06,0.3906,0.3768,0.0138,L2
3买,KDJ_J超卖 + 中枢底部回升,2696,0.7372,0.6966,1.058,0.3902,0.3768,0.0134,L2
3买,量比大于1 + BOLL开口扩张,3084,0.8423,0.7975,1.056,0.3898,0.3768,0.0129,L2
3买,BOLL开口扩张 + KDJ_J超卖,3169,0.8655,0.8195,1.056,0.3897,0.3768,0.0129,L2
3买,MACD柱递增 + RSI6超卖,2627,0.7169,0.6797,1.055,0.3894,0.3768,0.0126,L2
3买,RSI6超卖,2935,0.8003,0.7597,1.053,0.3891,0.3768,0.0123,L1
3买,站上MA233 + 量比大于1,2849,0.7758,0.7381,1.051,0.3886,0.3768,0.0117,L2
3买,量比大于1 + KDJ金叉态,2956,0.8038,0.7665,1.049,0.388,0.3768,0.0112,L2
3买,站上MA5 + 站上MA233,2938,0.7982,0.7623,1.047,0.3877,0.3768,0.0109,L2
3买,站上MA5 + KDJ金叉态,3063,0.8304,0.7958,1.044,0.3869,0.3768,0.0101,L2
3买,站上MA233,3176,0.8598,0.8258,1.041,0.3863,0.3768,0.0095,L1
3买,KDJ_J超卖 + KDJ_D小于30,2635,0.7134,0.6852,1.041,0.3863,0.3768,0.0095,L2
3买,量比大于1 + KDJ_J超卖,3061,0.8283,0.7962,1.04,0.3861,0.3768,0.0093,L2
3买,MACD柱递增 + 中枢底部回升,2664,0.7204,0.6932,1.039,0.3859,0.3768,0.0091,L2
3买,站上MA5 + BOLL开口扩张,3169,0.8556,0.8254,1.037,0.3853,0.3768,0.0085,L2
3买,MACD柱递增 + KDJ金叉态,3007,0.8122,0.7831,1.037,0.3854,0.3768,0.0086,L2
3买,站上MA5 + 中枢底部回升,2715,0.7323,0.7076,1.035,0.3849,0.3768,0.0081,L2
3买,距60日低点<=1.2,3005,0.8094,0.7839,1.033,0.3844,0.3768,0.0075,L4
3买,中枢底部回升,2920,0.7863,0.7619,1.032,0.3842,0.3768,0.0074,L1
3买,BOLL开口扩张,3448,0.9278,0.9,1.031,0.384,0.3768,0.0072,L1
3买,站上MA233 + SID小于等于2,2740,0.7372,0.7153,1.031,0.3839,0.3768,0.0071,L2
3买,站上MA5 + KDJ_J超卖,3153,0.8479,0.8233,1.03,0.3838,0.3768,0.0069,L2
3买,KDJ_D小于30,2766,0.7435,0.7225,1.029,0.3836,0.3768,0.0068,L1
3买,KDJ金叉态,3184,0.8549,0.8322,1.027,0.3832,0.3768,0.0064,L1
3买,MACD柱递增 + BOLL开口扩张,3044,0.8171,0.7958,1.027,0.383,0.3768,0.0062,L2
3买,站上MA5 + 量比大于1,3160,0.8479,0.8263,1.026,0.3829,0.3768,0.0061,L2
3买,站上MA233 + MACD柱递增,2805,0.7526,0.7335,1.026,0.3829,0.3768,0.0061,L2
3买,KDJ_J超卖,3435,0.9187,0.9,1.021,0.3817,0.3768,0.0048,L1
3买,BOLL开口扩张 + SID小于等于2,2919,0.7807,0.7648,1.021,0.3816,0.3768,0.0048,L2
3买,MACD柱递增 + KDJ_J超卖,3023,0.808,0.7924,1.02,0.3814,0.3768,0.0046,L2
3买,量比大于1 + MACD柱递增,3017,0.8045,0.7919,1.016,0.3805,0.3768,0.0037,L2
3买,量比大于1,3383,0.9005,0.889,1.013,0.3798,0.3768,0.003,L1
3买,站上MA5 + MACD柱递增,3185,0.8472,0.8373,1.012,0.3796,0.3768,0.0028,L2
3买,缩量 + RSI6超卖,2706,0.719,0.7119,1.01,0.3792,0.3768,0.0023,L2
3买,价涨量缩 + BOLL开口扩张,2642,0.7022,0.6949,1.01,0.3793,0.3768,0.0024,L2
3买,站上MA5,3492,0.9264,0.9195,1.008,0.3786,0.3768,0.0018,L1
3买,KDJ金叉态 + SID小于等于2,2657,0.705,0.6996,1.008,0.3786,0.3768,0.0018,L2
3买,价涨量缩 + KDJ_J超卖,2656,0.7043,0.6996,1.007,0.3784,0.3768,0.0016,L2
3买,站上MA5 + RSI金叉,2715,0.719,0.7157,1.005,0.3779,0.3768,0.0011,L2
3买,量比大于1 + SID小于等于2,2836,0.7491,0.7487,1.001,0.3769,0.3768,0.0001,L2
3买,RSI金叉,2728,0.7204,0.7203,1.0,0.3768,0.3768,0.0,L1
3买,KDJ_J超卖 + SID小于等于2,2900,0.7645,0.7665,0.997,0.3762,0.3768,-0.0006,L2
3买,站上MA233 + 缩量,2944,0.7751,0.7788,0.995,0.3757,0.3768,-0.0011,L2
3买,MACD柱递增,3347,0.8795,0.8864,0.992,0.375,0.3768,-0.0019,L1
3买,站上MA5 + SID小于等于2,2923,0.768,0.7742,0.992,0.375,0.3768,-0.0019,L2
3买,缩量 + 中枢底部回升,2682,0.7036,0.711,0.99,0.3743,0.3768,-0.0025,L2
3买,缩量 + BOLL开口扩张,3172,0.8297,0.8424,0.985,0.3733,0.3768,-0.0035,L2
3买,价涨量缩,2911,0.7596,0.7742,0.981,0.3724,0.3768,-0.0044,L1
3买,缩量 + KDJ_J超卖,3185,0.8311,0.847,0.981,0.3724,0.3768,-0.0044,L2
3买,SID小于等于2,3190,0.8311,0.8492,0.979,0.3718,0.3768,-0.005,L1
3买,缩量 + KDJ金叉态,2917,0.7603,0.7763,0.979,0.372,0.3768,-0.0049,L2
3买,MACD柱递增 + SID小于等于2,2811,0.7267,0.7517,0.967,0.3689,0.3768,-0.0079,L2
3买,缩量 + 量比大于1,3097,0.8003,0.8284,0.966,0.3687,0.3768,-0.0081,L2
3买,站上MA5 + 缩量,3213,0.8297,0.8597,0.965,0.3685,0.3768,-0.0083,L2
3买,缩量,3500,0.8991,0.9394,0.957,0.3666,0.3768,-0.0102,L1
3买,缩量 + 价涨量缩,2779,0.7134,0.7462,0.956,0.3663,0.3768,-0.0105,L2
3买,缩量 + MACD柱递增,3089,0.7884,0.8322,0.947,0.3642,0.3768,-0.0126,L2
3买,缩量 + SID小于等于2,2945,0.7414,0.7996,0.927,0.3593,0.3768,-0.0176,L2
全样本,放量 + BOLL开口扩张,14161,0.7016,0.6047,1.16,0.4647,0.428,0.0367,L2
全样本,站上MA5 + 放量,14419,0.7075,0.6209,1.14,0.4602,0.428,0.0323,L2
全样本,RSI6超卖 + 中枢底部回升,16465,0.8037,0.7121,1.129,0.4578,0.428,0.0298,L2
全样本,放量,15281,0.745,0.6616,1.126,0.4572,0.428,0.0293,L1
全样本,放量 + 量比大于1,15145,0.7382,0.6558,1.126,0.4572,0.428,0.0292,L2
全样本,KDJ金叉态 + RSI6超卖,15659,0.7622,0.6788,1.123,0.4565,0.428,0.0286,L2
全样本,量比大于1_3,14505,0.7042,0.6302,1.118,0.4554,0.428,0.0274,L1
全样本,量比大于1 + 量比大于1_3,14505,0.7042,0.6302,1.118,0.4554,0.428,0.0274,L2
全样本,量比大于1 + RSI6超卖,16784,0.8142,0.7297,1.116,0.455,0.428,0.027,L2
全样本,量比大于1 + 中枢底部回升,16885,0.8182,0.7348,1.114,0.4545,0.428,0.0265,L2
全样本,BOLL开口扩张 + 中枢底部回升,17098,0.8266,0.7455,1.109,0.4534,0.428,0.0255,L2
全样本,站上MA5 + RSI6超卖,16875,0.8137,0.7373,1.104,0.4523,0.428,0.0243,L2
全样本,BOLL开口扩张 + RSI6超卖,17178,0.8287,0.7503,1.104,0.4524,0.428,0.0245,L2
全样本,KDJ_D小于30 + 中枢底部回升,15019,0.7243,0.6562,1.104,0.4523,0.428,0.0243,L2
全样本,KDJ金叉态 + 中枢底部回升,16109,0.7766,0.704,1.103,0.4522,0.428,0.0242,L2
全样本,MACD柱递增 + RSI6超卖,16565,0.797,0.7251,1.099,0.4513,0.428,0.0233,L2
全样本,KDJ_J超卖 + 中枢底部回升,17340,0.8331,0.7599,1.096,0.4506,0.428,0.0227,L2
全样本,站上MA5 + 中枢底部回升,17243,0.8277,0.7562,1.095,0.4502,0.428,0.0222,L2
全样本,KDJ_D小于30 + RSI6超卖,14966,0.7182,0.6565,1.094,0.4501,0.428,0.0221,L2
全样本,MACD柱递增 + 中枢底部回升,16951,0.8113,0.7452,1.089,0.4489,0.428,0.0209,L2
全样本,量比大于1 + KDJ_D小于30,15089,0.7209,0.6643,1.085,0.4481,0.428,0.0201,L2
全样本,KDJ金叉态 + KDJ_D小于30,14723,0.7034,0.6482,1.085,0.4481,0.428,0.0201,L2
全样本,KDJ_J超卖 + RSI6超卖,17629,0.8406,0.7774,1.081,0.4472,0.428,0.0192,L2
全样本,RSI6超卖,18340,0.8739,0.8092,1.08,0.4469,0.428,0.0189,L1
全样本,中枢底部回升,18492,0.8803,0.8165,1.078,0.4465,0.428,0.0185,L1
全样本,趋势空头,15208,0.7235,0.6718,1.077,0.4462,0.428,0.0182,L1
全样本,距60日低点<=1.2,19096,0.9045,0.8466,1.068,0.4442,0.428,0.0163,L4
全样本,站上MA5 + KDJ_D小于30,15423,0.73,0.6841,1.067,0.4439,0.428,0.016,L2
全样本,BOLL开口扩张 + KDJ金叉态,17165,0.8117,0.762,1.065,0.4435,0.428,0.0155,L2
全样本,BOLL开口扩张 + KDJ_D小于30,15511,0.7329,0.689,1.064,0.4432,0.428,0.0152,L2
全样本,量比大于1 + BOLL开口扩张,18321,0.8651,0.8142,1.063,0.4429,0.428,0.0149,L2
全样本,KDJ金叉态 + KDJ_J超卖,17110,0.808,0.7604,1.063,0.4429,0.428,0.0149,L2
全样本,量比大于1 + KDJ金叉态,17647,0.8306,0.7863,1.056,0.4414,0.428,0.0135,L2
全样本,量比大于1 + KDJ_J超卖,18328,0.8624,0.8168,1.056,0.4413,0.428,0.0133,L2
全样本,MACD柱递增 + KDJ_D小于30,15417,0.7235,0.6885,1.051,0.4402,0.428,0.0122,L2
全样本,量比大于1 + MACD柱递增,18016,0.8447,0.8052,1.049,0.4397,0.428,0.0117,L2
全样本,KDJ_J超卖 + KDJ_D小于30,16002,0.7498,0.7155,1.048,0.4394,0.428,0.0115,L2
全样本,BOLL开口扩张 + KDJ_J超卖,18850,0.8828,0.8432,1.047,0.4393,0.428,0.0113,L2
全样本,BOLL开口扩张 + RSI金叉,15227,0.7132,0.6811,1.047,0.4393,0.428,0.0113,L2
全样本,KDJ_J超卖 + RSI金叉,15272,0.7152,0.6832,1.047,0.4392,0.428,0.0113,L2
全样本,站上MA5 + 量比大于1,18631,0.8722,0.8337,1.046,0.4391,0.428,0.0111,L2
全样本,站上MA5 + BOLL开口扩张,18622,0.8717,0.8333,1.046,0.4391,0.428,0.0111,L2
全样本,MACD柱递增 + BOLL开口扩张,18013,0.8432,0.8061,1.046,0.439,0.428,0.011,L2
全样本,站上MA5 + KDJ金叉态,18122,0.8467,0.8121,1.043,0.4382,0.428,0.0102,L2
全样本,MACD柱递增 + KDJ金叉态,17875,0.8347,0.8014,1.042,0.438,0.428,0.01,L2
全样本,KDJ_D小于30,16651,0.7769,0.747,1.04,0.4376,0.428,0.0097,L1
全样本,站上MA5 + KDJ_J超卖,18684,0.8718,0.8381,1.04,0.4376,0.428,0.0097,L2
全样本,MACD柱递增 + KDJ_J超卖,18074,0.8431,0.811,1.039,0.4375,0.428,0.0095,L2
全样本,KDJ金叉态,18761,0.8721,0.8441,1.033,0.436,0.428,0.008,L1
全样本,量比大于1,19920,0.9252,0.8969,1.032,0.4356,0.428,0.0076,L1
全样本,站上MA5 + MACD柱递增,18797,0.8728,0.8464,1.031,0.4355,0.428,0.0075,L2
全样本,量比大于1 + RSI金叉,15889,0.7374,0.7158,1.03,0.4353,0.428,0.0073,L2
全样本,KDJ金叉态 + RSI金叉,15830,0.7346,0.7131,1.03,0.4352,0.428,0.0073,L2
全样本,BOLL开口扩张,20149,0.9342,0.9083,1.028,0.4349,0.428,0.0069,L1
全样本,MACD柱递增 + RSI金叉,15801,0.7323,0.7126,1.028,0.4347,0.428,0.0067,L2
全样本,KDJ_J超卖,20224,0.9338,0.9146,1.021,0.433,0.428,0.0051,L1
全样本,站上MA5 + RSI金叉,16618,0.765,0.7533,1.016,0.4318,0.428,0.0038,L2
全样本,站上MA5,20316,0.9352,0.9209,1.015,0.4317,0.428,0.0038,L1
全样本,MACD柱递增,19636,0.9036,0.8903,1.015,0.4316,0.428,0.0036,L1
全样本,RSI金叉,16752,0.7711,0.7594,1.015,0.4317,0.428,0.0037,L1
全样本,缩量 + 中枢底部回升,16472,0.7565,0.748,1.011,0.4307,0.428,0.0028,L2
全样本,缩量 + RSI6超卖,16370,0.751,0.7439,1.01,0.4303,0.428,0.0023,L2
全样本,距前低<=10%,15353,0.7035,0.6984,1.007,0.4298,0.428,0.0018,L1
全样本,距60日低点<=1.1,15353,0.7035,0.6984,1.007,0.4298,0.428,0.0018,L4
全样本,中枢底部蓄力 + 中枢底部回升,15565,0.7107,0.7099,1.001,0.4283,0.428,0.0003,L2
全样本,中枢底部蓄力,15694,0.7141,0.7176,0.995,0.4268,0.428,-0.0012,L1
全样本,缩量 + 量比大于1,17696,0.7928,0.8184,0.969,0.4202,0.428,-0.0078,L2
全样本,缩量 + KDJ金叉态,16667,0.7459,0.7715,0.967,0.4198,0.428,-0.0082,L2
全样本,缩量 + BOLL开口扩张,17969,0.8031,0.8326,0.965,0.4192,0.428,-0.0088,L2
全样本,缩量 + KDJ_J超卖,18218,0.8118,0.8459,0.96,0.4179,0.428,-0.01,L2
全样本,价涨量缩,16272,0.7218,0.758,0.952,0.4161,0.428,-0.0119,L1
全样本,站上MA5 + 缩量,18142,0.8048,0.8451,0.952,0.4161,0.428,-0.0119,L2
全样本,缩量 + MACD柱递增,17583,0.7783,0.8203,0.949,0.4152,0.428,-0.0128,L2
全样本,缩量,19669,0.8662,0.9209,0.941,0.413,0.428,-0.0149,L1
