日期,权益
2022-06-13,1003889.8248792271
2022-06-14,1002322.131642512
2022-06-15,1003708.9371980677
2022-06-16,1006361.9565217391
2022-06-17,1004673.6714975846
2022-06-20,1007307.6719113762
2022-06-21,1004809.4842650647
2022-06-22,999896.6928038017
2022-06-23,1025105.2503520607
2022-06-24,1030382.5852418017
2022-06-27,1036704.0861631808
2022-06-28,1041213.8218944496
2022-06-29,1029766.9293821733
2022-06-30,1031037.2952495283
2022-07-01,1025958.5998462681
2022-07-04,1026158.7436781856
2022-07-05,1040267.483710399
2022-07-06,1042438.1358843121
2022-07-07,1043041.0948215101
2022-07-08,1041593.9933722349
2022-07-11,1044789.6757393846
2022-07-12,1041835.176947114
2022-07-13,1040991.0344350367
2022-07-14,1038277.7192176455
2022-07-15,1036408.5465123315
2022-07-18,1037433.5767055681
2022-07-19,1038096.831536486
2022-07-20,1037312.9849181286
2022-07-21,1038820.3822611237
2022-07-22,1035805.5875751334
2022-07-25,1032067.2421645053
2022-07-26,1032851.0887828629
2022-07-27,1033092.2723577421
2022-07-28,1038036.5356427662
2022-07-29,1035926.179362573
2022-08-01,1044126.4209084667
2022-08-02,1047623.5827442155
2022-08-03,1051844.295304602
2022-08-04,1048286.8375751334
2022-08-05,1055522.3448215101
2022-08-08,1056547.3750147468
2022-08-09,1054256.1310533942
2022-08-10,1059355.4030219933
2022-08-11,1059355.4030219933
2022-08-12,1059355.4030219933
2022-08-15,1059355.4030219933
2022-08-16,1059355.4030219933
2022-08-17,1059355.4030219933
2022-08-18,1059355.4030219933
2022-08-19,1059355.4030219933
2022-08-22,1059355.4030219933
2022-08-23,1059355.4030219933
2022-08-24,1059355.4030219933
2022-08-25,1059355.4030219933
2022-08-26,1059355.4030219933
2022-08-29,1059355.4030219933
2022-08-30,1059355.4030219933
2022-08-31,1059355.4030219933
2022-09-01,1059355.4030219933
2022-09-02,1059355.4030219933
2022-09-05,1059355.4030219933
2022-09-06,1059355.4030219933
2022-09-07,1059355.4030219933
2022-09-08,1059355.4030219933
2022-09-09,1059355.4030219933
2022-09-13,1059355.4030219933
2022-09-14,1059355.4030219933
2022-09-15,1059355.4030219933
2022-09-16,1059355.4030219933
2022-09-19,1059355.4030219933
2022-09-20,1059355.4030219933
2022-09-21,1059355.4030219933
2022-09-22,1059355.4030219933
2022-09-23,1059355.4030219933
2022-09-26,1059355.4030219933
2022-09-27,1059355.4030219933
2022-09-28,1059355.4030219933
2022-09-29,1059355.4030219933
2022-09-30,1059355.4030219933
2022-10-10,1059355.4030219933
2022-10-11,1059355.4030219933
2022-10-12,1059355.4030219933
2022-10-13,1065826.2276301049
2022-10-14,1076252.52714484
2022-10-17,1081308.3577322983
2022-10-18,1082138.0211444143
2022-10-19,1074698.9376304084
2022-10-20,1070443.7823201504
2022-10-21,1072183.97506351
2022-10-24,1060569.7181770802
2022-10-25,1063930.423629688
2022-10-26,1073415.3367636385
2022-10-27,1079906.0902910028
2022-10-28,1074704.2646472526
2022-10-31,1099289.0750297697
2022-11-01,1124574.1782572954
2022-11-02,1141018.5194814166
2022-11-03,1146327.0826960553
2022-11-04,1161953.5871882618
2022-11-07,1171847.9390123729
2022-11-08,1172947.4085319152
2022-11-09,1172382.94803641
2022-11-10,1172851.1388867558
2022-11-11,1177092.589918528
2022-11-14,1184031.550439441
2022-11-15,1189934.925206457
2022-11-16,1189529.668237241
2022-11-17,1193326.7941205243
2022-11-18,1182982.1829232306
2022-11-21,1187474.0824612505
2022-11-22,1183065.4641137945
2022-11-23,1170695.6683006554
2022-11-24,1182057.0322944303
2022-11-25,1184669.5339804664
2022-11-28,1177080.348244961
2022-11-29,1202535.5184517982
2022-11-30,1199935.5032701215
2022-12-01,1206827.3254402934
2022-12-02,1210188.7803068294
2022-12-05,1212748.8730655413
2022-12-06,1214021.7072835157
2022-12-07,1222070.0372374603
2022-12-08,1226906.1234873564
2022-12-09,1220169.6205097346
2022-12-12,1213704.745097085
2022-12-13,1217318.5058465246
2022-12-14,1217338.2167100776
2022-12-15,1204821.5819829276
2022-12-16,1223043.1895789953
2022-12-19,1200254.357043934
2022-12-20,1207139.091155051
2022-12-21,1202373.4657586615
2022-12-22,1185101.1263609235
2022-12-23,1189412.1054789633
2022-12-26,1196618.1872837353
2022-12-27,1222327.1009556658
2022-12-28,1215641.56244052
2022-12-29,1214864.978797921
2022-12-30,1219302.7723602634
2023-01-03,1221576.2207757584
2023-01-04,1214514.6256986419
2023-01-05,1218026.1582034035
2023-01-06,1221535.1176581155
2023-01-09,1222454.2748972406
2023-01-10,1225678.4608377698
2023-01-11,1224896.571372923
2023-01-12,1220216.5443642074
2023-01-13,1225403.2124841237
2023-01-16,1226932.3954411063
2023-01-17,1226150.576363142
2023-01-18,1227913.4688137425
2023-01-19,1232374.9304303797
2023-01-20,1242423.6116561173
2023-01-30,1241589.6738645674
2023-01-31,1248651.021514449
2023-02-01,1255008.465722913
2023-02-02,1256170.5485395035
2023-02-03,1260534.2020678783
2023-02-06,1253637.9959078357
2023-02-07,1249742.4346040732
2023-02-08,1260440.1725161877
2023-02-09,1261396.9123038254
2023-02-10,1256603.845469664
2023-02-13,1259769.8598946133
2023-02-14,1261850.3096857823
2023-02-15,1261622.0496788085
2023-02-16,1257745.8278344586
2023-02-17,1253377.0748027093
2023-02-20,1255043.2610173644
2023-02-21,1260388.6268452392
2023-02-22,1258822.9317713762
2023-02-23,1263572.2093881913
2023-02-24,1257391.9752104068
2023-02-27,1247510.753592336
2023-02-28,1252740.9691594834
2023-03-01,1255266.0816745716
2023-03-02,1259045.3958154384
2023-03-03,1258691.781752884
2023-03-06,1256895.084343218
2023-03-07,1250269.4911243732
2023-03-08,1259953.0614918512
2023-03-09,1257744.0477154318
2023-03-10,1254129.1706051673
2023-03-13,1260011.7637960503
2023-03-14,1267627.9961583265
2023-03-15,1278087.2146367666
2023-03-16,1270568.593734133
2023-03-17,1270760.25996334
2023-03-20,1265131.0285930452
2023-03-21,1266132.5696592974
2023-03-22,1267178.425345304
2023-03-23,1270626.2047393662
2023-03-24,1272117.436017512
2023-03-27,1278745.091094102
2023-03-28,1277747.9821563428
2023-03-29,1276058.436456251
2023-03-30,1275587.5794578646
2023-03-31,1276388.7237151715
2023-04-03,1276002.3861887404
2023-04-04,1277144.2651157067
2023-04-06,1281785.1620825217
2023-04-07,1283080.9477563866
2023-04-10,1280007.9555921042
2023-04-11,1286138.453592314
2023-04-12,1292955.7981995323
2023-04-13,1322238.9004642365
2023-04-14,1324177.7233987683
2023-04-17,1327720.1455009617
2023-04-18,1336921.9913593943
2023-04-19,1333880.5058929243
2023-04-20,1336450.7536494788
2023-04-21,1333578.398369497
2023-04-24,1328437.1009071083
2023-04-25,1327062.3395096133
2023-04-26,1331730.2740983143
2023-04-27,1337745.5907750241
2023-04-28,1350613.0396343702
2023-05-04,1340123.6586378706
2023-05-05,1322378.5918706974
2023-05-08,1333145.470726576
2023-05-09,1331292.176762377
2023-05-10,1340996.9117564345
2023-05-11,1343191.1082748547
2023-05-12,1333178.824348995
2023-05-15,1337220.9933879985
2023-05-16,1335447.4708602387
2023-05-17,1343793.5898362298
2023-05-18,1342031.205040635
2023-05-19,1342702.4046032433
2023-05-22,1356203.7692117796
2023-05-23,1344309.9097222239
2023-05-24,1347406.11307092
2023-05-25,1332554.7350834215
2023-05-26,1347079.6080531066
2023-05-29,1329611.3519691462
2023-05-30,1346758.7147062235
2023-05-31,1339913.1047825688
2023-06-01,1335379.7421296847
2023-06-02,1351395.9509223013
2023-06-05,1347374.0703915935
2023-06-06,1316957.5283005058
2023-06-07,1313489.7169783253
2023-06-08,1313638.6207888313
2023-06-09,1328639.4285750897
2023-06-12,1348692.0439575836
2023-06-13,1362886.1313915679
2023-06-14,1374047.4407604912
2023-06-15,1351554.1337878683
2023-06-16,1349444.3344451585
2023-06-19,1350243.1251949235
2023-06-20,1341646.1846947093
2023-06-21,1332172.0478657214
2023-06-26,1325145.8105817523
2023-06-27,1351355.5941561065
2023-06-28,1357663.8385497394
2023-06-29,1370357.548284588
2023-06-30,1401954.6666487926
2023-07-03,1419914.480214835
2023-07-04,1439749.1176439463
2023-07-05,1441521.5666785687
2023-07-06,1436946.9693839075
2023-07-07,1431671.747152444
2023-07-10,1434891.3839225466
2023-07-11,1441005.9884548874
2023-07-12,1430350.8336178851
2023-07-13,1442630.3582095283
2023-07-14,1442187.0205784868
2023-07-17,1440705.440221324
2023-07-18,1435769.4881746348
2023-07-19,1434854.5721696466
2023-07-20,1430254.4028480507
2023-07-21,1430279.7538275179
2023-07-24,1439818.2213066502
2023-07-25,1444473.2183822766
2023-07-26,1441703.2830290087
2023-07-27,1441839.4406668176
2023-07-28,1442520.2288558625
2023-07-31,1443413.014486976
2023-08-01,1443413.014486976
2023-08-02,1443413.014486976
2023-08-03,1443413.014486976
2023-08-04,1443413.014486976
2023-08-07,1443413.014486976
2023-08-08,1443413.014486976
2023-08-09,1443413.014486976
2023-08-10,1443413.014486976
2023-08-11,1443413.014486976
2023-08-14,1443413.014486976
2023-08-15,1443413.014486976
2023-08-16,1443413.014486976
2023-08-17,1443413.014486976
2023-08-18,1437893.4644911857
2023-08-21,1436597.1663027462
2023-08-22,1442135.8949260793
2023-08-23,1441428.8231869305
2023-08-24,1443667.8836942355
2023-08-25,1437893.4644911857
2023-08-28,1436832.8568824623
2023-08-29,1448565.6409295797
2023-08-30,1456215.4950250303
2023-08-31,1455460.2264860114
2023-09-01,1453927.2579905363
2023-09-04,1458336.710242477
2023-09-05,1456663.7575118467
2023-09-06,1458808.0914019097
2023-09-07,1451912.8185902992
2023-09-08,1458567.5021855985
2023-09-11,1455881.158918796
2023-09-12,1455247.6545789111
2023-09-13,1452707.4663833175
2023-09-14,1447176.8680506758
2023-09-15,1448951.405489781
2023-09-18,1451387.7570501217
2023-09-19,1446103.9187698448
2023-09-20,1448243.0615511728
2023-09-21,1445577.1902471697
2023-09-22,1450057.2707164173
2023-09-25,1454373.6016331562
2023-09-26,1447906.3216956954
2023-09-27,1447883.689931993
2023-09-28,1451639.5303770143
2023-10-09,1445640.9588774275
2023-10-10,1450020.2139170042
2023-10-11,1458103.1598694646
2023-10-12,1455377.7959349353
2023-10-13,1450845.4415165342
2023-10-16,1444809.5423434605
2023-10-17,1453045.9281626353
2023-10-18,1440983.9932038104
2023-10-19,1442224.2087580785
2023-10-20,1432498.0864925715
2023-10-23,1433576.1788663873
2023-10-24,1449770.360384367
2023-10-25,1455701.6678035627
2023-10-26,1460372.1242992145
2023-10-27,1473425.8568450084
2023-10-30,1470770.002109991
2023-10-31,1466030.3337361016
2023-11-01,1463844.083025382
2023-11-02,1453930.0652209288
2023-11-03,1461021.0446539884
2023-11-06,1477029.2249995545
2023-11-07,1477052.299273993
2023-11-08,1474281.4120626776
2023-11-09,1471843.2888672329
2023-11-10,1468468.3485132968
2023-11-13,1479322.3783203275
2023-11-14,1499993.7607958885
2023-11-15,1504251.0033013648
2023-11-16,1496289.3385154866
2023-11-17,1499731.5905980857
2023-11-20,1502731.7222000295
2023-11-21,1496883.9694456174
2023-11-22,1492120.8339746026
2023-11-23,1503214.234391464
2023-11-24,1490626.8946968666
2023-11-27,1508235.7694745911
2023-11-28,1506234.2541396818
2023-11-29,1500182.1395763922
2023-11-30,1499308.892534339
2023-12-01,1506257.5444812072
2023-12-04,1502090.0541499835
2023-12-05,1510488.0870698188
2023-12-06,1524917.271300112
2023-12-07,1520280.7040356507
2023-12-08,1538625.4649995742
2023-12-11,1534981.7376776948
2023-12-12,1530308.7747104
2023-12-13,1527447.946175641
2023-12-14,1534915.0003686757
2023-12-15,1526958.8053449169
2023-12-18,1525475.5995276924
2023-12-19,1521496.8894938538
2023-12-20,1513089.1743861232
2023-12-21,1517395.5879913543
2023-12-22,1511942.1763247764
2023-12-25,1512691.0539287715
2023-12-26,1511314.6562551556
2023-12-27,1509402.992819578
2023-12-28,1513073.3866158868
2023-12-29,1522019.9714943902
2024-01-02,1520872.9734330436
2024-01-03,1518043.7115483887
2024-01-04,1513838.0519901179
2024-01-05,1509632.3924318473
2024-01-08,1505503.1994109997
2024-01-09,1504356.201349653
2024-01-10,1500685.8075533442
2024-01-11,1506803.1305471924
2024-01-12,1503973.8686625375
2024-01-15,1504050.3351999607
2024-01-16,1502905.0576357062
2024-01-17,1502905.0576357062
2024-01-18,1502905.0576357062
2024-01-19,1501234.161482968
2024-01-22,1504387.893251898
2024-01-23,1506096.1646267353
2024-01-24,1535307.7592190984
2024-01-25,1575761.7946820192
2024-01-26,1547390.7863156083
2024-01-29,1520619.5954775847
2024-01-30,1500023.3286750042
2024-01-31,1516058.5230120472
2024-02-01,1502532.8163345382
2024-02-02,1482414.6405144562
2024-02-05,1478093.8826244604
2024-02-06,1595806.49049588
2024-02-07,1658178.3520301676
2024-02-08,1703982.4471517848
2024-02-19,1703137.2642231216
2024-02-20,1702388.6285240229
2024-02-21,1706109.5776545298
2024-02-22,1718692.3937300812
2024-02-23,1727819.395859546
2024-02-26,1730588.1745334591
2024-02-27,1749991.266389264
2024-02-28,1715640.6348935894
2024-02-29,1748651.2093997712
2024-03-01,1759414.1977490843
2024-03-04,1758524.299178259
2024-03-05,1752081.1904014167
2024-03-06,1736021.6743865842
2024-03-07,1731590.5301706614
2024-03-08,1738846.3419600052
2024-03-11,1754948.4636685187
2024-03-12,1761896.1859032414
2024-03-13,1755578.2627658464
2024-03-14,1756869.6815411304
2024-03-15,1758339.3315881337
2024-03-18,1767425.5901724645
2024-03-19,1763016.2068503385
2024-03-20,1776464.1125363808
2024-03-21,1777934.7803080003
2024-03-22,1767112.1234858606
2024-03-25,1756580.0812337324
2024-03-26,1765887.065439104
2024-03-27,1746643.9021451394
2024-03-28,1750219.742064082
2024-03-29,1761703.0705264243
2024-04-01,1771045.9847462163
2024-04-02,1777018.0623909147
2024-04-03,1797891.9339364916
2024-04-08,1776008.841214171
2024-04-09,1790190.67341465
2024-04-10,1783465.8697769507
2024-04-11,1793484.2933456076
2024-04-12,1789208.9647345543
2024-04-15,1806343.2791634304
2024-04-16,1794253.1452626907
2024-04-17,1802225.3748131401
2024-04-18,1794934.1702092045
2024-04-19,1788494.3208516636
2024-04-22,1800262.215851043
2024-04-23,1808550.550649975
2024-04-24,1833947.4406282445
2024-04-25,1847507.175761426
2024-04-26,1876330.237483655
2024-04-29,1880453.072157179
2024-04-30,1887245.727495499
2024-05-06,1894776.5229485668
2024-05-07,1891642.591089672
2024-05-08,1881613.9605401517
2024-05-09,1901630.6552366167
2024-05-10,1910083.1941103148
2024-05-13,1914337.3604983664
2024-05-14,1932287.3724965965
2024-05-15,1948002.6520317064
2024-05-16,1974584.0248073628
2024-05-17,1999644.212588429
2024-05-20,1990006.8871428445
2024-05-21,1980781.531699496
2024-05-22,1985006.7854322828
2024-05-23,1960444.9017676362
2024-05-24,1958144.363375393
2024-05-27,2002409.4682511748
2024-05-28,2034811.599725398
2024-05-29,2017379.2011659844
2024-05-30,2020131.9149369379
2024-05-31,2016303.957089001
2024-06-03,2003853.954414479
2024-06-04,2041877.8834911094
2024-06-05,2027692.14334185
2024-06-06,2007001.8472134518
2024-06-07,2016851.4734051903
2024-06-11,2029137.9461563653
2024-06-12,2087778.2169460328
2024-06-13,2111284.643910803
2024-06-14,2113721.866577385
2024-06-17,2125270.0650911024
2024-06-18,2161732.5281475447
2024-06-19,2116952.352539077
2024-06-20,2108840.4986697487
2024-06-21,2103927.9475322776
2024-06-24,2072649.8326215097
2024-06-25,2081907.357297209
2024-06-26,2122499.6140064686
2024-06-27,2104809.1220061965
2024-06-28,2135974.3047325383
2024-07-01,2151079.5393551528
2024-07-02,2167657.871494442
2024-07-03,2162976.8522172263
2024-07-04,2141546.3519298034
2024-07-05,2153983.0594701758
2024-07-08,2139749.289750576
2024-07-09,2162382.7468707534
2024-07-10,2170768.311929901
2024-07-11,2230058.9287341516
2024-07-12,2220824.776196109
2024-07-15,2176745.560902469
2024-07-16,2184287.995516981
2024-07-17,2166685.198900196
2024-07-18,2144964.8824984073
2024-07-19,2169225.925153799
2024-07-22,2176094.5976345255
2024-07-23,2139707.8058099602
2024-07-24,2088937.9593316256
2024-07-25,2116013.5622438747
2024-07-26,2154896.158368566
2024-07-29,2166619.2596064997
2024-07-30,2164603.294311647
2024-07-31,2254865.035043762
2024-08-01,2239081.602909596
2024-08-02,2191568.201716736
2024-08-05,2138414.9293583296
2024-08-06,2190715.1587582435
2024-08-07,2196235.914269428
2024-08-08,2196938.5001341896
2024-08-09,2171936.5774233406
2024-08-12,2157616.6885283147
2024-08-13,2191239.461962334
2024-08-14,2205137.9468834167
2024-08-15,2237620.4991395283
2024-08-16,2203646.390154998
2024-08-19,2204009.4882319653
2024-08-20,2191006.0141373915
2024-08-21,2158157.6127669835
2024-08-22,2162180.0599339483
2024-08-23,2172725.292074204
2024-08-26,2203885.3778607748
2024-08-27,2176356.0888485843
2024-08-28,2203779.350198571
2024-08-29,2250615.572109692
2024-08-30,2296926.192713886
2024-09-02,2271847.012146296
2024-09-03,2288173.7155027445
2024-09-04,2303373.824617928
2024-09-05,2335248.170928646
2024-09-06,2268686.2721643066
2024-09-09,2262112.0940691982
2024-09-10,2277048.6841806476
2024-09-11,2318369.7919509774
2024-09-12,2348859.187966205
2024-09-13,2345807.3818689277
2024-09-18,2327675.2540852493
2024-09-19,2375162.1615431495
2024-09-20,2374879.1029373785
2024-09-23,2407553.294307545
2024-09-24,2475882.9971187357
2024-09-25,2499076.6187785286
2024-09-26,2562414.751851531
2024-09-27,2691349.5148555287
2024-09-30,2850874.607344618
2024-10-08,2980338.361619736
2024-10-09,2980338.361619736
2024-10-10,2980338.361619736
2024-10-11,2980338.361619736
2024-10-14,2980338.361619736
2024-10-15,2980338.361619736
2024-10-16,2980338.361619736
2024-10-17,2980338.361619736
2024-10-18,2980338.361619736
2024-10-21,2980338.361619736
2024-10-22,2980338.361619736
2024-10-23,2980338.361619736
2024-10-24,2980338.361619736
2024-10-25,2980338.361619736
2024-10-28,2980338.361619736
2024-10-29,2980338.361619736
2024-10-30,2980338.361619736
2024-10-31,2980338.361619736
2024-11-01,2980338.361619736
2024-11-04,2980338.361619736
2024-11-05,2980338.361619736
2024-11-06,2980338.361619736
2024-11-07,2980338.361619736
2024-11-08,2980338.361619736
2024-11-11,2980338.361619736
2024-11-12,2980338.361619736
2024-11-13,2980338.361619736
2024-11-14,2980338.361619736
2024-11-15,2980338.361619736
2024-11-18,2980338.361619736
2024-11-19,2980338.361619736
2024-11-20,2988983.0084822723
2024-11-21,2987430.767425749
2024-11-22,2988317.762315191
2024-11-25,2984769.7827574234
2024-11-26,3004283.6703251433
2024-11-27,2995191.972708365
2024-11-28,3011205.124539151
2024-11-29,3028166.738767252
2024-12-02,3044668.1790174968
2024-12-03,3039919.421052356
2024-12-04,3009274.243001302
2024-12-05,3023417.980802111
2024-12-06,3026614.4977107286
2024-12-09,3020562.4252436017
2024-12-10,3024748.4731362737
2024-12-11,3041471.662108879
2024-12-12,3058535.8124315925
2024-12-13,3072700.552830485
2024-12-16,3107371.1394618377
2024-12-17,3106105.50409107
2024-12-18,3111168.045574142
2024-12-19,3114964.9516864466
2024-12-20,3127621.3053941275
2024-12-23,3114964.9516864466
2024-12-24,3116230.5870572147
2024-12-25,3108636.7748326063
2024-12-26,3123824.399281823
2024-12-27,3118761.8577987505
2024-12-30,3111168.045574142
2024-12-31,3107371.1394618377
2025-01-02,3101042.9626079975
2025-01-03,3084589.702788012
2025-01-06,3075730.2551926356
2025-01-07,3090510.893728289
2025-01-08,3099392.1864006524
2025-01-09,3131383.8322448516
2025-01-10,3083949.751017667
2025-01-13,3115752.4751992016
2025-01-14,3198057.7016774016
2025-01-15,3182376.4939170154
2025-01-16,3176798.8322904427
2025-01-17,3181100.8096804256
2025-01-20,3208418.121569611
2025-01-21,3186296.2302686675
2025-01-22,3168217.954594843
2025-01-23,3156671.2245704886
2025-01-24,3186113.7272270266
2025-01-27,3155775.7983581647
2025-02-05,3198065.2725880677
2025-02-06,3248314.901937237
2025-02-07,3304794.757162708
2025-02-10,3379197.738374369
2025-02-11,3374806.649628216
2025-02-12,3380037.826629658
2025-02-13,3390056.6677226266
2025-02-14,3438411.2397436593
2025-02-17,3524845.4191857204
2025-02-18,3516992.0039944714
2025-02-19,3524412.488678594
2025-02-20,3538528.3488355936
2025-02-21,3539761.7577041145
2025-02-24,3532021.603871446
2025-02-25,3528190.1642383924
2025-02-26,3544330.6819176935
2025-02-27,3575597.3757913085
2025-02-28,3559363.0710798274
2025-03-03,3596324.003885368
2025-03-04,3570107.3120187907
2025-03-05,3545910.39913314
2025-03-06,3588932.4449587055
2025-03-07,3569780.361016156
2025-03-10,3564463.036588587
2025-03-11,3555583.4430778194
2025-03-12,3554604.6056275778
2025-03-13,3517085.644104449
2025-03-14,3538187.3053830247
2025-03-17,3548448.8979066242
2025-03-18,3548175.822410482
2025-03-19,3546670.5522598326
2025-03-20,3537994.297075339
2025-03-21,3525401.6048342614
2025-03-24,3493761.8028908907
2025-03-25,3498284.3016350605
2025-03-26,3494004.0277629173
2025-03-27,3494971.8558174074
2025-03-28,3486516.8858960494
2025-03-31,3464345.7700445233
2025-04-01,3485992.376947351
2025-04-02,3523688.485895345
2025-04-03,3546397.0361963403
2025-04-07,3411812.7274199408
2025-04-08,3379953.9988725726
2025-04-09,3575510.7833175003
2025-04-10,3639154.0237351777
2025-04-11,3713204.6652570697
2025-04-14,3744894.871745436
2025-04-15,3743227.9870926915
2025-04-16,3695620.818864294
2025-04-17,3747643.268129242
2025-04-18,3757253.567839172
2025-04-21,3795545.864648177
2025-04-22,3810963.2110384195
2025-04-23,3786745.833399099
2025-04-24,3791267.1600539624
2025-04-25,3797921.3668066664
2025-04-28,3769755.864836108
2025-04-29,3750002.0438168067
2025-04-30,3640613.377373652
2025-05-06,3918380.2419422287
2025-05-07,3947663.0341577465
2025-05-08,3992445.58691744
2025-05-09,3987360.5603905497
2025-05-12,4034281.3120419253
2025-05-13,4027614.497480308
2025-05-14,4012000.2706779386
2025-05-15,3963189.817004671
2025-05-16,3929854.2058927156
2025-05-19,3942368.686436263
2025-05-20,3958995.155482233
2025-05-21,3952417.5993480943
2025-05-22,3928419.14110485
2025-05-23,3909424.835855659
2025-05-26,3925966.5591196157
2025-05-27,3927974.4187781187
2025-05-28,3968420.965872486
2025-05-29,4028585.8112740074
2025-05-30,4009834.456169107
2025-06-03,4023845.6234084405
2025-06-04,4066751.813661487
2025-06-05,4082549.378987794
2025-06-06,4076423.9471218064
2025-06-09,4079453.568258647
2025-06-10,4021105.9701350667
2025-06-11,4024970.999856014
2025-06-12,4015359.3097397583
2025-06-13,3993860.9574337164
2025-06-16,4048082.409197989
2025-06-17,4041533.099284456
2025-06-18,4070728.782502223
2025-06-19,4014680.339520438
2025-06-20,4043988.101583107
2025-06-23,4064913.743830035
2025-06-24,4121741.8060128842
2025-06-25,4149821.019367174
2025-06-26,4148165.3870245446
2025-06-27,4143008.7833682224
2025-06-30,4181156.627355736
2025-07-01,4191286.2059752964
2025-07-02,4155901.8839655505
2025-07-03,4161331.069182409
2025-07-04,4151661.5326315993
2025-07-07,4167262.6965611177
2025-07-08,4168127.9983341866
2025-07-09,4188100.377670755
2025-07-10,4193476.2240038235
2025-07-11,4209514.53816236
2025-07-14,4174419.108190572
2025-07-15,4176292.738305677
2025-07-16,4309416.10560346
2025-07-17,4307270.004740936
2025-07-18,4289650.196117781
2025-07-21,4343361.242185913
2025-07-22,4368172.020802121
2025-07-23,4346135.091844425
2025-07-24,4371922.257648356
2025-07-25,4347571.682328841
2025-07-28,4344602.482020175
2025-07-29,4342838.47870163
2025-07-30,4336108.336609364
2025-07-31,4320619.175626608
2025-08-01,4314141.515991014
2025-08-04,4374335.971968129
2025-08-05,4377228.052503869
2025-08-06,4417292.678025877
2025-08-07,4454158.141129916
2025-08-08,4448494.034687576
2025-08-11,4467038.137595188
2025-08-12,4475099.399343626
2025-08-13,4496343.040768346
2025-08-14,4495715.783487063
2025-08-15,4500838.598218771
2025-08-18,4529667.13982146
2025-08-19,4539414.807595769
2025-08-20,4556782.242086862
2025-08-21,4543187.892112752
2025-08-22,4558790.10745442
2025-08-25,4573641.955824742
2025-08-26,4552908.4300745465
2025-08-27,4516913.559690915
2025-08-28,4506084.648501479
2025-08-29,4507056.230858339
2025-09-01,4502868.175741507
2025-09-02,4476716.907020531
2025-09-03,4437098.570619044
2025-09-04,4457967.012304527
2025-09-05,4461587.749834516
2025-09-08,4513192.515190706
2025-09-09,4478345.622320056
2025-09-10,4558911.897473284
2025-09-11,4580559.992425918
2025-09-12,4572444.258145654
2025-09-15,4562041.343054367
2025-09-16,4561369.106195701
2025-09-17,4562657.6851492375
2025-09-18,4564759.0505814515
2025-09-19,4608125.204120752
2025-09-22,4592971.365260012
2025-09-23,4578192.158351541
2025-09-24,4595013.932943711
2025-09-25,4571868.977695418
2025-09-26,4607697.816616255
2025-09-29,4587876.5501949815
2025-09-30,4588820.562419094
2025-10-09,4626103.004247075
2025-10-10,4656950.450150945
2025-10-13,4660255.932955686
2025-10-14,4604463.349442659
2025-10-15,4690069.465021832
2025-10-16,4664152.116166213
2025-10-17,4674312.155516373
2025-10-20,4673736.884712478
2025-10-21,4672213.880097786
2025-10-22,4675973.038352157
2025-10-23,4660627.8429654855
2025-10-24,4675520.276113709
2025-10-27,4686645.266059831
2025-10-28,4701997.478738335
2025-10-29,4667236.136591064
2025-10-30,4647901.203306867
2025-10-31,4666861.80487903
2025-11-03,4697847.375853952
2025-11-04,4726304.705597909
2025-11-05,4765397.380672976
2025-11-06,4738602.6016368205
2025-11-07,4715187.138392411
2025-11-10,4766378.984477425
2025-11-11,4860211.663869258
2025-11-12,4870212.194941958
2025-11-13,4904382.145370805
2025-11-14,4872891.247666633
2025-11-17,4870645.238926778
2025-11-18,4770633.107426554
2025-11-19,4726128.689466361
2025-11-20,4695042.891886138
2025-11-21,4589368.001892902
2025-11-24,4623009.595145291
2025-11-25,4622663.942000527
2025-11-26,4621407.180388151
2025-11-27,4648983.007998815
2025-11-28,4673396.681621502
2025-12-01,4685239.903515598
2025-12-02,4713685.266615674
2025-12-03,4676156.059314593
2025-12-04,4614942.217002988
2025-12-05,4702900.912734259
2025-12-08,4692462.431990992
2025-12-09,4656395.423533924
2025-12-10,4634215.726811586
2025-12-11,4572225.523840507
2025-12-12,4610017.175383368
2025-12-15,4618244.532248795
2025-12-16,4597300.109741135
2025-12-17,4604441.226474682
2025-12-18,4791375.38262552
2025-12-19,4902190.42254767
2025-12-22,5036212.724308303
2025-12-23,5009608.988660336
2025-12-24,5053964.625355254
2025-12-25,5116430.01894845
2025-12-26,5064575.740282102
2025-12-29,5060181.742528556
2025-12-30,5020749.187537082
2025-12-31,5019612.066099353
2026-01-05,5113205.1939313
2026-01-06,5196773.9643543735
2026-01-07,5262172.732404889
2026-01-08,5269829.957642042
2026-01-09,5293077.759213347
2026-01-12,5314835.903856492
2026-01-13,5415883.971970696
2026-01-14,5401371.57828987
2026-01-15,5418008.104583464
2026-01-16,5405786.074928302
2026-01-19,5481959.48470369
2026-01-20,5471585.796099831
2026-01-21,5480668.462778062
2026-01-22,5470341.002706301
2026-01-23,5515799.333656227
2026-01-26,5486033.866648566
2026-01-27,5490874.354626392
2026-01-28,5459391.761424437
2026-01-29,5443515.929660368
2026-01-30,5460676.428790249
2026-02-02,5452424.445023254
2026-02-03,5483606.910433203
2026-02-04,5504486.618677396
2026-02-05,5583813.037125269
2026-02-06,5583956.130974793
2026-02-09,5607709.7099958435
2026-02-10,5617395.875764
2026-02-11,5617395.875764
2026-02-12,5617395.875764
2026-02-13,5617395.875764
2026-02-24,5617395.875764
2026-02-25,5617395.875764
2026-02-26,5617395.875764
2026-02-27,5617395.875764
2026-03-02,5617395.875764
2026-03-03,5617395.875764
2026-03-04,5617395.875764
2026-03-05,5617395.875764
2026-03-06,5617395.875764
2026-03-09,5617395.875764
2026-03-10,5617395.875764
2026-03-11,5617395.875764
2026-03-12,5617395.875764
2026-03-13,5617395.875764
2026-03-16,5617395.875764
2026-03-17,5617395.875764
2026-03-18,5617395.875764
2026-03-19,5617395.875764
2026-03-20,5617395.875764
2026-03-23,5617395.875764
2026-03-24,5612606.366355736
2026-03-25,5644677.205587359
2026-03-26,5631849.732872284
2026-03-27,5644038.426760389
2026-03-30,5614597.990382918
2026-03-31,5585441.197866986
2026-04-01,5632503.46551941
2026-04-02,5599773.334813803
2026-04-03,5577387.052619284
2026-04-07,5613744.259522842
2026-04-08,5664203.697519954
2026-04-09,5646166.915998945
2026-04-10,5656549.548698153
2026-04-13,5681738.278595741
2026-04-14,5707172.014822926
2026-04-15,5680512.38388925
2026-04-16,5707677.5524069015
2026-04-17,5703746.87747724
2026-04-20,5734151.20678169
2026-04-21,5720662.787033243
2026-04-22,5723927.385238843
2026-04-23,5751965.263227369
2026-04-24,5731496.703350987
2026-04-27,5743296.35049488
2026-04-28,5733820.258351825
2026-04-29,5763579.185236187
2026-04-30,5748126.3203489445
2026-05-06,5785302.51867825
2026-05-07,5775956.559065251
2026-05-08,5820423.423567026
2026-05-11,5884225.229204657
2026-05-12,5871961.197723605
2026-05-13,5892149.296158749
2026-05-14,5856074.491868226
2026-05-15,5864130.290719469
2026-05-18,5819674.802399084
2026-05-19,5810346.700371373
2026-05-20,5854560.724094231
2026-05-21,5812517.22545208
2026-05-22,5822422.080138566
2026-05-25,5818705.38507777
2026-05-26,5789567.139463458
2026-05-27,5697254.5176435085
2026-05-28,5700368.773271891
2026-05-29,5636344.377746657
