变化标记,扫描日期,扫描时间,股票代码,股票名称,板块,买点类型,信号日期,买入价,扫描日价,止损价,止盈价,命中规则,精选,资金确认,中枢底部,量比,获利盘%,大盘环境,优先级,可入状态,星级,预估胜率,大涨率
,2026-06-30,09:56:51,301030,仕净科技,创业板,1买,2026-06-25,7.86,10.1,7.78,10.22,B抢筹,★★核心,✓机构净买,✓,1.7,1.0,震荡,★高(1买),已涨过,核心★★★★,81.2,71.2
,2026-06-30,09:56:51,601369,陕鼓动力,沪主板,1买,2026-06-25,8.13,9.05,8.05,10.57,B抢筹,★★核心,✓机构净买,✓,0.81,3.0,震荡,★高(1买),已涨过,核心★★★,81.5,72.2
,2026-06-30,09:56:51,600496,精工钢构,沪主板,1买,2026-06-25,3.15,3.2,3.12,4.09,A抄底,★精选,✓机构净买,✓,0.96,1.0,震荡,★高(1买),尾窗,精选★★,80.9,71.8
,2026-06-30,09:56:51,300317,珈伟新能,创业板,1买,2026-06-25,4.05,4.02,4.01,5.26,A抄底,★精选,,✓,0.84,1.0,震荡,★高(1买),尾窗,精选★★,80.9,71.8
,2026-06-30,09:56:51,605009,豪悦护理,沪主板,1买,2026-06-25,21.37,23.18,21.16,27.78,B抢筹,★精选,,✓,1.05,0.0,震荡,★高(1买),已涨过,精选★,73.3,60.2
,2026-06-30,09:56:51,301633,港迪技术,创业板,1买,2026-06-22,43.9,44.32,43.46,57.07,A∪B,,,✓,1.18,2.0,多头,★高(1买),已过窗,,,
,2026-06-30,09:56:51,300446,航天智造,创业板,1买,2026-06-24,14.91,17.01,14.76,19.38,B抢筹,,✓机构净买,✓,4.28,39.0,震荡,★高(1买),已涨过,,,
,2026-06-30,09:56:51,001229,魅视科技,深主板,1买,2026-06-24,24.83,33.02,24.58,32.28,B抢筹,,✓机构净买,✓,2.18,48.0,震荡,★高(1买),已止盈,,,
,2026-06-30,09:56:51,603607,京华激光,沪主板,1买,2026-06-22,19.32,22.36,19.13,25.12,B抢筹,,✓机构净买,✓,2.17,19.0,多头,★高(1买),已涨过,,,
,2026-06-30,09:56:51,600318,新力金融,沪主板,1买,2026-06-22,6.0,5.96,5.94,7.8,B抢筹,,✓机构净买,✓,2.09,22.0,多头,★高(1买),已过窗,,,
,2026-06-30,09:56:51,002276,万马股份,中小板,1买,2026-06-22,10.4,9.99,10.3,13.52,B抢筹,,✓机构净买,✓,2.03,15.0,多头,★高(1买),已破止损,,,
,2026-06-30,09:56:51,000401,金隅冀东,深主板,1买,2026-06-22,3.52,3.43,3.48,4.58,A抄底,,✓机构净买,✓,1.93,1.0,多头,★高(1买),已破止损,,,
,2026-06-30,09:56:51,301005,超捷股份,创业板,1买,2026-06-24,92.4,108.85,91.48,120.12,B抢筹,,✓机构净买,✓,1.58,60.0,震荡,★高(1买),已涨过,,,
,2026-06-30,09:56:51,002728,特一药业,中小板,1买,2026-06-22,7.66,8.8,7.58,9.96,B抢筹,,✓机构净买,✓,1.58,3.0,多头,★高(1买),已涨过,,,
,2026-06-30,09:56:51,603331,百达精工,沪主板,1买,2026-06-22,10.93,10.4,10.82,14.21,A抄底,,✓机构净买,✓,1.52,4.0,多头,★高(1买),已破止损,,,
,2026-06-30,09:56:51,300226,上海钢联,创业板,1买,2026-06-22,16.4,15.24,16.24,21.32,B抢筹,,✓机构净买,✓,1.5,13.0,多头,★高(1买),已破止损,,,
,2026-06-30,09:56:51,600266,城建发展,沪主板,1买,2026-06-22,4.04,3.94,4.0,5.25,A抄底,,✓机构净买,✓,1.36,2.0,多头,★高(1买),已破止损,,,
,2026-06-30,09:56:51,002968,新大正,中小板,1买,2026-06-22,8.69,8.6,8.6,11.3,A抄底,,✓机构净买,✓,1.33,5.0,多头,★高(1买),已过窗,,,
,2026-06-30,09:56:51,300917,特发服务,创业板,1买,2026-06-22,24.57,24.37,24.32,31.94,A抄底,,✓机构净买,✓,1.24,11.0,多头,★高(1买),已过窗,,,
,2026-06-30,09:56:51,300130,新国都,创业板,1买,2026-06-18,20.66,20.21,20.45,26.86,B抢筹,,✓机构净买,✓,1.21,0.0,多头,★高(1买),已破止损,,,
,2026-06-30,09:56:51,301056,森赫股份,创业板,1买,2026-06-22,11.33,11.21,11.22,14.73,A抄底,,✓机构净买,✓,1.21,3.0,多头,★高(1买),已破止损,,,
,2026-06-30,09:56:51,600257,大湖股份,沪主板,1买,2026-06-22,4.55,4.41,4.5,5.92,A抄底,,✓机构净买,✓,1.19,2.0,多头,★高(1买),已破止损,,,
,2026-06-30,09:56:51,603232,格尔软件,沪主板,1买,2026-06-22,15.39,14.59,15.24,20.01,B抢筹,,✓机构净买,✓,1.19,10.0,多头,★高(1买),已破止损,,,
,2026-06-30,09:56:51,603630,拉芳家化,沪主板,1买,2026-06-22,12.28,12.75,12.16,15.96,B抢筹,,✓机构净买,✓,1.19,4.0,多头,★高(1买),已过窗,,,
,2026-06-30,09:56:51,001225,和泰机电,深主板,1买,2026-06-22,39.8,39.26,39.4,51.74,B抢筹,,✓机构净买,✓,1.18,9.0,多头,★高(1买),已破止损,,,
,2026-06-30,09:56:51,300412,迦南科技,创业板,1买,2026-06-22,3.98,4.64,3.94,5.17,B抢筹,,✓机构净买,✓,1.12,6.0,多头,★高(1买),已涨过,,,
,2026-06-30,09:56:51,002021,中捷资源,中小板,1买,2026-06-22,2.35,2.49,2.33,3.06,B抢筹,,✓机构净买,✓,1.08,5.0,多头,★高(1买),已涨过,,,
,2026-06-30,09:56:51,000716,黑芝麻,深主板,1买,2026-06-22,4.14,4.1,4.1,5.38,A抄底,,✓机构净买,✓,1.06,3.0,多头,★高(1买),已过窗,,,
,2026-06-30,09:56:51,002791,坚朗五金,中小板,1买,2026-06-22,13.44,13.36,13.31,17.47,A抄底,,✓机构净买,✓,1.06,8.0,多头,★高(1买),已过窗,,,
,2026-06-30,09:56:51,002788,鹭燕医药,中小板,1买,2026-06-22,10.58,10.41,10.47,13.75,B抢筹,,✓机构净买,✓,1.04,3.0,多头,★高(1买),已破止损,,,
,2026-06-30,09:56:51,300533,冰川网络,创业板,1买,2026-06-18,14.03,16.64,13.89,18.24,A抄底,,✓机构净买,✓,0.91,3.0,多头,★高(1买),已涨过,,,
,2026-06-30,09:56:51,603808,歌力思,沪主板,1买,2026-06-22,8.07,7.73,7.99,10.49,A抄底,,✓机构净买,✓,0.91,4.0,多头,★高(1买),已破止损,,,
,2026-06-30,09:56:51,300087,荃银高科,创业板,1买,2026-06-22,6.6,6.73,6.53,8.58,B抢筹,,✓机构净买,✓,0.89,2.0,多头,★高(1买),已过窗,,,
,2026-06-30,09:56:51,300437,清水源,创业板,1买,2026-06-18,11.33,11.19,11.22,14.73,B抢筹,,✓机构净买,✓,0.52,1.0,多头,★高(1买),已破止损,,,
,2026-06-30,09:56:51,301318,维海德,创业板,1买,2026-06-18,20.15,19.95,19.95,26.2,B抢筹,,,✓,3.56,14.0,多头,★高(1买),已过窗,,,
,2026-06-30,09:56:51,603567,珍宝岛,沪主板,1买,2026-06-22,4.43,4.46,4.39,5.76,B抢筹,,,✓,1.73,11.0,多头,★高(1买),已过窗,,,
,2026-06-30,09:56:51,300683,海特生物,创业板,1买,2026-06-22,22.67,24.84,22.44,29.47,B抢筹,,,✓,1.71,5.0,多头,★高(1买),已涨过,,,
,2026-06-30,09:56:51,002911,佛燃能源,中小板,1买,2026-06-22,9.87,9.69,9.77,12.83,A抄底,,,✓,1.64,2.0,多头,★高(1买),已破止损,,,
,2026-06-30,09:56:51,300601,康泰生物,创业板,1买,2026-06-22,10.79,11.58,10.68,14.03,B抢筹,,,✓,1.4,4.0,多头,★高(1买),已涨过,,,
,2026-06-30,09:56:51,603533,掌阅科技,沪主板,1买,2026-06-18,19.7,20.14,19.5,25.61,B抢筹,,,✓,1.35,21.0,多头,★高(1买),已过窗,,,
,2026-06-30,09:56:51,001391,国货航,深主板,1买,2026-06-22,4.27,4.12,4.23,5.55,A抄底,,,✓,1.22,2.0,多头,★高(1买),已破止损,,,
,2026-06-30,09:56:51,300685,艾德生物,创业板,1买,2026-06-22,15.99,17.27,15.83,20.79,B抢筹,,,✓,1.15,10.0,多头,★高(1买),已涨过,,,
,2026-06-30,09:56:51,600793,宜宾纸业,沪主板,1买,2026-06-22,12.16,12.03,12.04,15.81,B抢筹,,,✓,1.14,2.0,多头,★高(1买),已破止损,,,
,2026-06-30,09:56:51,002016,世荣兆业,中小板,1买,2026-06-22,4.2,4.06,4.16,5.46,A抄底,,,✓,0.98,1.0,多头,★高(1买),已破止损,,,
,2026-06-30,09:56:51,603323,苏农银行,沪主板,1买,2026-06-22,4.03,3.95,3.99,5.24,B抢筹,,,✓,0.87,1.0,多头,★高(1买),已破止损,,,
,2026-06-30,09:56:51,603122,合富中国,沪主板,3买,2026-06-22,11.18,11.21,11.07,14.53,A∪B,,✓机构净买,✓,1.25,3.0,多头,中,已过窗,,,
,2026-06-30,09:56:51,301408,华人健康,创业板,3买,2026-06-22,14.44,14.84,14.3,18.77,B抢筹,,✓机构净买,✓,1.42,12.0,多头,中,已过窗,,,
,2026-06-30,09:56:51,600847,万里股份,沪主板,3买,2026-06-18,13.35,13.56,13.22,17.36,B抢筹,,✓机构净买,✓,1.19,31.0,多头,中,已过窗,,,
,2026-06-30,09:56:51,600343,航天动力,沪主板,3买,2026-06-24,22.86,27.13,22.63,29.72,B抢筹,,✓机构净买,✓,1.18,31.0,震荡,中,已涨过,,,
,2026-06-30,09:56:51,001330,博纳影业,深主板,3买,2026-06-24,6.03,5.7,5.97,7.84,B抢筹,,✓机构净买,✓,1.08,5.0,震荡,中,已破止损,,,
,2026-06-30,09:56:51,300436,广生堂,创业板,2买,2026-06-22,83.38,106.56,82.55,108.39,B抢筹,,✓机构净买,✓,1.07,25.0,多头,中,已涨过,,,
,2026-06-30,09:56:51,001210,金房能源,深主板,3买,2026-06-25,21.46,22.45,21.25,27.9,B抢筹,,✓机构净买,✓,1.05,2.0,震荡,中,尾窗,,,
,2026-06-30,09:56:51,600821,金开新能,沪主板,3买,2026-06-24,6.28,6.32,6.22,8.16,B抢筹,,✓机构净买,✓,1.05,15.0,震荡,中,已过窗,,,
,2026-06-30,09:56:51,002943,宇晶股份,中小板,3买,2026-06-24,46.4,48.63,45.94,60.32,B抢筹,,✓机构净买,✓,0.93,44.0,震荡,中,已过窗,,,
,2026-06-30,09:56:51,301421,波长光电,创业板,2买,2026-06-23,83.99,90.41,83.15,109.19,B抢筹,,✓机构净买,✓,0.91,22.0,多头,中,已涨过,,,
,2026-06-30,09:56:51,600118,中国卫星,沪主板,3买,2026-06-24,68.79,81.02,68.1,89.43,B抢筹,,✓机构净买,✓,0.86,3.0,震荡,中,已涨过,,,
,2026-06-30,09:56:51,000042,中洲控股,深主板,2买,2026-06-22,8.75,8.21,8.66,11.38,B抢筹,,✓机构净买,✓,0.72,54.0,多头,中,已破止损,,,
,2026-06-30,09:56:51,002149,西部材料,中小板,3买,2026-06-25,47.25,51.63,46.78,61.43,B抢筹,,✓机构净买,✓,0.71,8.0,震荡,中,已涨过,,,
,2026-06-30,09:56:51,300342,天银机电,创业板,3买,2026-06-24,40.72,42.9,40.31,52.94,B抢筹,,✓机构净买,✓,0.64,12.0,震荡,中,已涨过,,,
,2026-06-30,09:56:51,301017,漱玉平民,创业板,3买,2026-06-22,12.35,13.17,12.23,16.05,B抢筹,,✓机构净买,,1.33,5.0,多头,中,已涨过,,,
,2026-06-30,09:56:51,300723,一品红,创业板,2买,2026-06-22,31.37,37.98,31.06,40.78,B抢筹,,,✓,1.19,9.0,多头,中,已涨过,,,
,2026-06-30,09:56:51,002365,永安药业,中小板,3买,2026-06-18,10.61,10.54,10.5,13.79,B抢筹,,,✓,0.91,0.0,多头,中,已过窗,,,
,2026-06-30,09:56:51,600322,津投城开,沪主板,2买,2026-06-18,2.35,2.59,2.33,3.06,B抢筹,,,✓,0.54,17.0,多头,中,已涨过,,,
,2026-06-30,09:56:51,002387,维信诺,中小板,2买,2026-06-24,7.83,8.66,7.75,10.18,B抢筹,,,,1.06,14.0,震荡,中,已涨过,,,
,2026-06-30,09:56:51,002421,达实智能,中小板,2买,2026-06-18,3.67,3.43,3.63,4.77,B抢筹,,,,0.84,17.0,多头,中,已破止损,,,
,2026-06-30,09:56:51,300721,怡达股份,创业板,3买,2026-06-22,27.05,41.29,26.78,35.16,B抢筹,,,,0.78,17.0,多头,中,已止盈,,,
